,columella/root cap (+QC) (cl4),cortex/endodermis (cl2),cotyledon mesophyll (cl13),cotyledon mesophyll (cl3),epidermis (cl6),hypocotyl cortex (early) (cl5),hypocotyl cortex (late) (cl1),hypocotyl cortex (mid) (cl7),provasculature (cl12),provasculature: protophloem (cl15),provasculature: protoxylem (cl9),radicle apical meristem (cl14),radicle epidermis (cl10),unassigned (cl11),unassigned (cl8)
dev: Embryo_3DAP,0.6597815070677527,0.30025668843184694,0.254144373383785,0.278826391094544,0.14363682232465652,0.31221583010764564,0.14643398944202698,-0.03228059339854807,0.2576901829615121,0.27394578610568837,0.3018046390815349,0.17709754076587692,0.48012903639660726,-0.14720044592123457,-0.4091294008430166
dev: Embryo_5DAP,0.6667649135564436,0.26351674401468345,0.5136314810575485,0.4222436381276505,0.10968867108807893,0.2789753299940952,0.29896105397752354,0.2790112416576721,0.07594246192050727,0.2732981765797626,0.3233527141534512,0.2036753550255827,0.478920248572898,-0.1777715486437505,-0.2914332617439794
dev: Embryo_7DAP,0.4161525771609899,0.2980481560339008,0.44127841749507213,0.4121124143917037,0.08627044720900043,-0.35461390950960475,0.2741499292565807,0.1669602453275464,0.16290744103077226,0.22257271163444767,0.3611212906882444,0.13264387361711333,0.3390906286155354,0.01719273015229416,0.18894179355455026
dev: Endosperm_3DAP,0.6128167027371928,0.08750910613068387,0.5055583117489882,0.39451913853483545,-0.3654447473828553,0.16103072858244813,0.27186082753824803,0.28587439531206643,-0.03985545323350559,0.2084274257191881,0.1621343789525067,0.05511869967997072,0.11570181310680548,-0.3211188208783936,-0.453776256016455
dev: Endosperm_5DAP,0.5345301939653859,0.0969822504263453,0.3407823038814292,0.2851745132247069,-0.4343434882363976,-0.018513760537906265,0.15552638555635925,0.07727292020848332,-0.006863511025313018,0.1481015243534267,0.11967570416392363,0.047463389077822216,-0.10494184545181262,-0.26299550585803816,-0.3889373113377244
dev: Endosperm_7DAP,0.2656878903045248,0.17171438016909205,0.34930321987106716,0.252324114221837,-0.27101586018855833,-0.6759139810720798,0.12308802672916283,0.06962561299269467,0.15920303780761097,0.2865399369817495,0.3713819762464339,0.06217435103593549,-0.08361828906295378,-0.026118538133638847,0.1413724325849213
dev: Funiculus_3DAP,0.5288530318047155,0.5298305580443716,0.38878517951153935,0.3623311824333021,0.05618150848088634,-0.08878554162071525,0.19855274555902322,0.10131451976842631,0.3769270394124264,0.6778626525835977,0.5499477225145932,0.21830097935272072,0.6536189407946374,-0.16558737725573608,-0.4445811057943127
dev: Funiculus_5DAP,0.45207337202829095,0.3627123749360694,0.2529280180357864,0.22021148319299158,-0.08663979735027716,-0.19180910172404453,0.09993842711994895,0.02605053949830651,0.30938446321887847,0.5238781087014897,0.4004395012167207,0.10091333103603525,0.5711260616779293,-0.02087279053204826,-0.2619807960448407
dev: Ovule_3DAP,0.41967842029969604,0.2846745880803021,0.16620245222654004,0.1520583347537674,-0.11782398147999064,-0.35453768391986246,0.016938309015560978,-0.115592480308356,0.25311500762303696,0.29165597448833136,0.35549256938889257,0.08014824302668447,0.44838554582572954,-0.1334662341870897,-0.311403232400772
dev: Seed coat_3DAP,0.5408958987728094,0.4247890761135545,0.158897830030978,0.17062930684593638,-0.04121022504662918,-0.04711184091839485,0.034598830171078274,-0.11818909679791703,0.269516950358967,0.32689683019596977,0.30714010905775746,0.17274525351959613,0.4170810153138614,-0.20455949318454741,-0.48427226056047123
dev: Seed coat_5DAP,0.4696167473976516,0.3117175265369305,0.1652649883434067,0.1591325098391098,-0.14411919161080758,-0.233569351945987,0.03046282992135735,-0.11091676695944926,0.18634896426943146,0.33225930394781567,0.26456182591838456,0.15259310372481596,0.3401468832409431,-0.2103503102281121,-0.44289885992254246
dev: Seed coat_7DAP,0.2980473796242783,0.2252342955922482,0.1789030635816838,0.1468444401909059,-0.25601083833950666,-0.6069693644908654,0.015181534522621025,-0.1116605429915164,0.2202242289629623,0.38768137923874213,0.3513062355365686,0.0730873475009608,0.10881283629576533,-0.046567308882744796,-0.014401667704085332
stress: ug_root_dark,0.6383746053215504,1.9581218774165192,0.6374224136202259,-2.1873415142669304,1.3784377578822247,1.50198835161438,-2.234704859504774,0.5983045335909841,1.217992686670031,-0.9920705058704182,-1.8230584271054457,1.921523455772397,1.4098145524459624,1.327636257207881,1.2331582807257202
stress: ug_root_light,-2.2897355383391145,-1.8085245977372058,-2.1410105249060596,-2.151735049592838,-2.0827745556984163,0.7659244525955977,-1.6665532386478645,1.1099157371274448,-1.8899235962838277,-1.7299912665815294,-1.543020983701155,0.7701529025164555,-2.322264333387761,1.376866007717669,1.3701363635972723
stress: ug_leaf_dark,-1.1637271359551358,-1.927429454801823,1.8853107675727507,0.9740312670602136,-1.9658015964230247,0.6958995864019166,0.7805877578936091,2.049861653475983,-1.763091609443534,1.176436494164407,-1.687586226361113,-1.9864796750241605,-1.7469089552914925,-1.8158688219160575,-1.7074327809062846
stress: ug_leaf_light,0.5658357331286115,-1.3981017036324004,-2.187282325310342,-1.9005421898617856,0.5686408230264949,1.0829945489830939,-1.7551313003595281,-2.6736082227404165,1.7028434315700423,1.5180911086277566,1.0678573566059841,1.4254631824628143,-1.4691041111571626,1.793247878809258,1.745037181798966
stress: gcr_40cGy,-1.5937487079525832,1.1529155553545216,-0.4537108730008257,1.0265712411569023,2.0024980639511303,0.964891408867997,1.7377432932462238,0.32030889892182496,-2.2021217278945118,-2.1817559450351194,-1.661577646253605,-1.8753475802647823,-0.9317926172839474,-2.221178530404322,-1.4721481464950437
stress: gcr_80cGy,-2.021897590923061,-1.3339674211096404,-1.4564090971435737,0.9826087786531472,1.4198301877939914,-3.1920957014077143,1.4723654585628427,-1.9222525946852287,0.7097600020745137,-1.7438296958353066,1.7790272598963226,-1.73127375282584,1.2958025893484544,1.238712852138612,2.0037490275080976
