Term,ug_root_dark,ug_root_light,ug_leaf_dark,ug_leaf_light,gcr_40cGy,gcr_80cGy,rad_100Gy_co60_90m_a,rad_100Gy_co60_1440m_a,rad_100Gy_co60_180m,rad_100Gy_co60_90m_b,rad_100Gy_co60_1440m_b,rad_100Gy_co60_90m_c,rad_100Gy_co60_1440m_c,rad_10cGy_cs137_24h,rad_100cGy_cs137_24h,hypoxia_1pct,anoxia_0pct,submergence,gravitropism_12h,gravitropism_24h,phototropism
gehring_L1_tissue::Embryo,1.0735215044606985,-1.423961384423734,-1.0830541006740886,1.381221032355166,-1.381000869818472,2.183421965455156,1.8679637078075864,1.1512374114086186,-0.9402749943089022,1.6739703810334414,1.026744325904093,-1.10437734617592,-1.322224557076125,1.066050763910322,-1.0306783983820518,1.026577347746824,1.029616454735088,-1.4844019115363485,-0.8988385342928912,1.0363970443504067,-0.7778548475606278
gehring_L1_tissue::Endosperm,0.7119997370785248,-1.6136426095427796,-0.941016273065539,-1.009535072517134,-0.8237522999246571,1.28223572153528,0.9178207172685896,-1.296444042999067,-1.198203612092058,-1.212866283448111,0.8147901377861325,-1.6616532780925006,-1.2662155208697892,1.2721209837905405,1.3431997769925597,1.2224379533753325,1.3767473040092302,-1.461282728014056,-1.3523218132089472,1.11755006088658,0.9882240274088177
gehring_L1_tissue::Funiculus,0.7545480413643745,0.8565022059569433,-1.0330772941970487,0.977274693271446,-1.424484858362483,-1.472221337597361,0.7876496003952497,-0.64099398599682,0.9057341260299604,0.6178124580238277,1.2692885593859893,-1.035035166475325,0.7413186004829381,1.180464485213909,1.2343263763212209,1.729318038298911,1.3388476817331076,0.7331339486497269,-1.2510143249068564,1.2473121683744497,1.1682449830656023
gehring_L1_tissue::Ovule,1.5520001560760417,1.5887043199010105,0.6414975005658333,1.701404768001626,0.5756430033281607,-0.6607632920311837,-0.7117930880849032,-1.0698057838641792,0.7927836409271787,1.3873490965256252,0.8420251110272094,-1.529659459996763,0.9344072346355315,1.1256254197821312,0.9206720141031732,1.8383314833611744,1.6404424853034658,-0.9314708828289388,1.32582029533517,1.5199912027901306,-0.6498041879548084
gehring_L1_tissue::Seed coat,1.2400573946362128,-1.532108966387992,-0.9797696439723776,-1.3609152666949351,-1.0527498115631455,-1.4709462164023692,-1.0893949381399803,1.0419587621475672,-1.027675205136674,-1.4923453107170923,1.5644059421087964,-1.576281192923364,1.028310955526606,1.4382106072243113,0.8584384584840554,-1.4166470440046468,-0.6627262916965373,1.2710192212377782,-0.893711558969515,-1.6086785324148456,-1.6187184888592792
gehring_L2_celltype::CPT,1.2960036043935743,-1.5881274600863513,-1.002203408773941,-1.0988866645948938,-0.9425125890554228,-0.7868204817228909,1.3074032011307903,0.9362785213133432,-1.1145602212144177,-0.8052972902658049,1.351181510080848,-1.4312389335158968,0.9373651694960402,1.394957045871342,0.8892628304166766,-1.135220930307674,0.6727167714671314,-1.396349294807135,0.8987770891797746,-1.199631370006241,-1.0414792474053045
gehring_L2_celltype::CZE,1.417306466149384,-1.3495602676120697,-1.171775609272013,1.3221360724083924,-1.2902786350109987,2.152870622773522,1.6612006564326975,0.9999367989981892,0.9071478179890048,1.6113881858221382,0.878086672506817,-1.2459530061076014,-1.1870602440986875,1.0161283146185012,-1.2290211877562511,-0.8682928258102482,-0.7752090751806199,-1.587225120263024,-1.0570228596395734,0.8742862442895104,1.0906356926372496
gehring_L2_celltype::CZSC,-0.954247149814083,-1.419361431127745,-0.8685532603109474,1.294086484641927,-1.2339637765757667,-1.1602587698610194,-0.7184841153969329,0.6887991590177094,-0.6721053176884982,-0.78037335889624,-0.982526996326604,-1.077095513659902,-0.6071299553966736,1.0418251804186212,1.0433025693873976,1.6448673909658096,1.499763225764304,0.9263372208718448,1.388077663804861,1.5961915534202231,0.8169687464212694
gehring_L2_celltype::EMB,1.0735215044606985,-1.423961384423734,-1.0830541006740886,1.381221032355166,-1.381000869818472,2.183421965455156,1.8679637078075864,1.1512374114086186,-0.9402749943089022,1.6739703810334414,1.026744325904093,-1.10437734617592,-1.322224557076125,1.066050763910322,-1.0306783983820518,1.026577347746824,1.029616454735088,-1.4844019115363485,-0.8988385342928912,1.0363970443504067,-0.7778548475606278
gehring_L2_celltype::FUN,0.7545480413643745,0.8565022059569433,-1.0330772941970487,0.977274693271446,-1.424484858362483,-1.472221337597361,0.7876496003952497,-0.64099398599682,0.9057341260299604,0.6178124580238277,1.2692885593859893,-1.035035166475325,0.7413186004829381,1.180464485213909,1.2343263763212209,1.729318038298911,1.3388476817331076,0.7331339486497269,-1.2510143249068564,1.2473121683744497,1.1682449830656023
gehring_L2_celltype::MCE,1.2153014243709794,1.648346016508675,-1.57163048919772,0.9224944061895076,-0.8802370153909176,0.7947927541620378,1.104817494936791,1.425558682305664,1.3734189102486294,1.436503243304576,1.2474409607290673,-1.0310641184435212,1.0411571380825198,1.3011896073308349,1.0691355427975096,1.6904792658179766,1.1939740110982973,-1.3717175377319912,-0.7653722665338147,1.8466903588607515,0.8881708659600916
gehring_L2_celltype::OVL,1.5520001560760417,1.5887043199010105,0.6414975005658333,1.701404768001626,0.5756430033281607,-0.6607632920311837,-0.7117930880849032,-1.0698057838641792,0.7927836409271787,1.3873490965256252,0.8420251110272094,-1.529659459996763,0.9344072346355315,1.1256254197821312,0.9206720141031732,1.8383314833611744,1.6404424853034658,-0.9314708828289388,1.32582029533517,1.5199912027901306,-0.6498041879548084
gehring_L2_celltype::PEN,-1.0451746051704254,-1.5841868863419477,-0.8343756260870634,-1.002760356204733,-0.7257611918275139,1.1774245105447887,-0.8053480881635924,-1.504864515947094,-1.5749642013741958,-1.6415218017669144,0.7295152969926371,-1.8104320601660755,-1.2991397772946351,1.0365099766421404,1.0226119814128558,-1.0147097372326577,1.0990216517488856,-1.1528621216386092,-1.012994973064988,1.3502235330424877,1.1112065896424066
gehring_L2_celltype::ii1,1.346170542590122,1.1266263874586242,-0.895299661422523,-1.5833425122451965,0.7522813500973292,0.9847083773184244,0.6490820981861474,-0.7331233044130804,-0.9054616011790072,-1.2459425507724793,1.8503085564251065,-1.8001630644108455,0.9059521140688194,1.3024266206615804,1.0554074434273766,1.1215162251647686,1.0798171334656157,-1.291444114926012,1.0690337769612843,-1.2688804050831437,-0.9780391890153521
gehring_L2_celltype::ii1',-1.1050249124830638,-1.1619770219929442,-0.8045126260940411,-1.100533551381044,-1.2694300755416597,0.8841715878318712,-1.3437857657312533,0.8810421343897162,0.7745394845701613,0.5299671249352991,-0.9098739573053596,-1.3071187611669264,0.7355149357496193,0.7356942760352817,0.7675041315379648,-1.240013932145963,-0.9846008053098174,1.1466591708783005,1.0278281284172233,1.0300581863513447,-0.9624339128931746
gehring_L2_celltype::ii2,-0.7516878085361115,0.9948914602986282,-1.0618469107467985,0.8990063814396582,-0.6393850546394125,-0.7491854376618702,0.729173482617795,0.9407291670881648,1.103903965740113,-0.8423123749245542,-1.253965274452139,-0.9314095217774282,0.7914393045819845,1.0092102834993653,0.4901652489728193,0.9904988841283706,1.2514066060527176,1.231767035666675,1.5266219741692262,-0.9455353591041004,-0.9045849223478287
gehring_L2_celltype::oi1,0.9880804073653436,-1.1298467849221592,-0.8418118011329888,-1.2783317291494558,-0.7685959239088856,-0.875526517501944,-1.0132248278901452,0.9737484738787384,-1.0586238735513998,-1.5626516760237972,1.8235944016896803,-1.5824453110993446,0.9120474963052716,1.434681314457726,-0.6373485243335751,-0.9253290981098804,0.9144364645378966,-0.9703187837297484,1.036895927887878,-0.9906518769395998,-1.0372719943784732
gehring_L2_celltype::oi2,1.3622873552609904,-1.6074349539226538,-1.0623518744106972,-1.4189911670902815,-1.2452070110197857,-0.6549242915239821,0.5953472109593567,-1.2199076176678405,-1.4912073927763838,-1.5704177297734958,1.38193990607354,-1.8597250843344424,1.1246070668945578,1.3215146589907876,1.3195472867334477,-1.1966015186971335,-1.225612419528738,-1.1535351280925947,-1.730652464522567,1.3890670608155196,-0.9485451288112888
gehring_L3_state::1. EMB up proto,-1.1876737751664448,-1.7523211759743245,-1.2641115277666883,0.5370316142288799,-0.8177398538714169,-0.9555107425837684,0.5169965405538582,-1.090647122697132,-1.5643341404112343,-1.5140268357221278,1.99772303278216,-1.7218682279869977,-0.8512446174506983,-1.6510654879922224,-1.2708607295386265,-2.2899669285804785,-1.406594491222163,-0.768386386715731,-1.575229801251527,0.8661487778729545,0.6872997687774131
gehring_L3_state::1. EMB up proto I,-0.8113659066625023,-1.5920107575301243,-1.3257484099166408,0.7028344830278895,-1.360980837999683,-1.310791993947145,0.8808044273931224,-1.3186293682460135,-1.3882540887200054,-1.3308046227863144,1.9850303030251,-1.5647009713061846,-1.250148935848768,-0.8734671581475791,-1.4631548187149417,-2.176635872224776,-1.1759406127502985,-1.1770252643635462,-1.6808576076533888,1.2353102694900722,-0.9384991006941148
gehring_L3_state::1. EMB upp proto,1.1025609516421782,-1.8260071258567767,-0.9882457754543812,0.9602665984900493,-1.3092905339249836,2.249426190383426,2.020034451805974,0.9694237919199976,-1.030876435234824,1.5885952956782472,-0.849668460851988,-1.213136382349093,-1.5206838461168608,0.8630182229207661,0.8207436221045442,-1.2806159618982924,0.955805948060709,-1.1971782845602166,-1.659001576492522,1.313497247181637,-0.7974600603291926
gehring_L3_state::10. CZE cyst photo,1.2530543602871955,-1.2647125772438916,-1.3445194491114418,1.2595444153268414,-1.1733675742114271,2.062698451970717,1.562169480642051,0.9160891763092932,1.0884200032806377,1.3806673558813278,1.075589647242356,-1.3468572013812832,-1.233877660320513,1.1828204411840195,0.887438568740889,-0.8860187372818129,-0.7039758477678582,-1.516496842000401,-1.255677877359047,-0.8501851504807091,0.9376434524085788
gehring_L3_state::10. CZE nodule,0.9922591911155648,-1.6652914233872926,-1.5497409465187584,1.4415452435908334,-0.7102183940450466,-0.9110362066809472,1.193868692209351,1.0663881665860049,1.02290429267426,0.9772180477821673,1.1528523274521156,0.9072307101519264,0.7188126324577848,0.984088502882116,0.8539100071600482,0.7935545056207938,-0.7099956048148509,-1.63129949142603,1.203102481840878,1.1084730023260614,-1.0636689089574505
gehring_L3_state::10. PEN,1.159320645297618,-1.2586562781367208,-0.9910210845552,-1.1517589132774706,-1.0650725444287443,-0.8535437273975048,0.6567132969190093,0.8877038794415962,0.7930322241703672,-1.5158372856214304,1.0827762665166631,-1.2608767159202507,1.2448690370395652,1.1782075829673435,1.4399884535008716,-1.3385016257074165,-1.204616195980701,1.0721107304734978,-1.3175827683695966,0.8188502933582315,-0.9342235803961166
gehring_L3_state::11. CZE cyst disacc,1.253780950851216,-0.9273199721154856,-1.2364560915192038,-0.8023790378946867,-0.8702943630588403,0.9200419853728966,0.9868539591434792,-0.890770155709471,1.3048739006848844,1.124354097292546,-1.1404802926310835,-1.3839254290716847,-1.0035350375354908,1.1844826213067965,0.9936298689924696,-0.7230380600461429,0.8456054718227364,-1.224646123302587,-1.2878501100086688,1.2972134194498914,1.040335283456211
gehring_L3_state::11. MCE,1.1140385879018515,1.0636613690920294,-1.0537166584373314,0.7094136012784679,-1.0188401694310996,-0.8061968669511326,-1.4076180056899872,1.036483784608124,-1.0008770774373397,0.9565425152704864,1.170903123972651,-1.3911078191591812,-0.9050134028578344,1.148587791059113,0.7858478719967674,0.9502357624678804,0.752034702373663,-0.8877780077312494,-0.9147842847877784,1.5918078002085012,0.8862466533732704
gehring_L3_state::11. PEN g2/m-phase,-1.1376430605282597,1.0946047211499528,1.1747169869123968,-1.2697389048952266,-1.3187088816392256,-1.52431458062245,-1.8702237083975923,-1.7831548057090074,-2.507791467829677,-2.3585890630451933,-1.2581350996583112,-2.0711961538855808,-1.449593959509339,0.8454320756494287,-1.229392219211417,-1.600889100186201,0.4588339693233921,-0.9045852504021537,-0.8501516035876681,1.3023406355625489,-1.1187011014542185
gehring_L3_state::12. FUN hil,0.781248977148849,-0.7580963157582457,-1.0386253046830916,1.0503451916747364,-1.5312101164902887,-1.5639158473822987,0.7779681866426986,1.0338221059457429,1.0907346599392715,0.8979060547452998,1.152051926413391,-0.7944669378579152,0.8158222124816813,1.2042377876138977,1.13816451047553,1.7526161496866024,1.3153403813201905,1.0765182092057757,-1.1546701944972335,1.1102573297981089,0.7734754863944656
gehring_L3_state::12. MCE_ESR shea promo,1.378875741545364,1.79525415219553,-1.6165124590748954,0.8899983451180966,-0.8828345070272345,0.8658212227606988,0.9788905585348292,1.3493585421072942,1.1201021231158648,1.361936341605413,1.3656641782332806,-1.0358992151078108,0.852927649490452,1.270969441802783,1.0049209209913768,1.5860329929550507,1.0264877972150923,-1.201457227267535,0.7878503308799681,1.670332408805695,0.8972971009791809
gehring_L3_state::12. PEN gen I,-0.851228565107897,-1.2194455922004142,-0.5354838851176943,0.8039419256864957,-1.2890107384250242,-1.0761849263134522,-1.275560190309357,-1.8063074210916616,-2.139579852006223,-1.8774727406329688,-0.8456907831728877,-1.959557075545536,-1.7939226600713325,0.7302141512415571,-1.2573859930574085,-1.2210064956541076,1.0163171329119725,0.7757431764013508,-1.0121287755169466,1.2012569905334332,-1.061720102999702
gehring_L3_state::13. FUN epid,0.9491791568693904,-1.6239305148830527,1.5930943986945856,-1.544765794949606,0.5229732738391754,-0.9327682682412256,-0.7250435408034472,-0.9185329747526836,0.6622954733385878,0.7244005105370125,1.4839812996901258,-1.4238867907516497,0.9332795017494718,1.1156754825018491,1.151915776499564,1.1980277591675046,1.1619332698826952,1.1216814572196294,-1.5036753023461695,1.2828748847897258,0.6743179707251639
gehring_L3_state::13. MCE_ESR high pcd,1.065596137979795,1.2647577529862608,-1.5385084104304556,1.1568957687872634,-0.7265474399086536,0.941254416706755,1.1867724623810365,0.959207889526346,1.3461364102924729,1.1651526788909796,-0.9969269331178674,-0.9641882041882952,-1.0223303951204334,0.9510170573123098,0.6787795588209162,1.718077130964278,1.2612803642402632,0.6543405990729486,1.2776638508879392,1.918964094022959,-0.7678356961755883
gehring_L3_state::13. PEN g2/m-phase,-1.8533641108802776,0.8316669630239111,-0.9242867919317024,-1.8149091107335047,-1.6140917905076315,-1.9279004254600096,-1.9085112234280668,-1.92872146051022,-2.508415115375892,-2.244145507471404,-0.8450640176893475,-2.1047575744807183,-1.6941465278119807,1.0091900536329304,-1.5514252937270423,-1.899242986717904,0.7325387556208025,-1.114048158822592,-1.327275721678948,1.2205765554750032,-1.3141239159593054
gehring_L3_state::14. FUN cc,-1.0982704689316758,-1.6311301610607738,0.9470820297993018,1.3942158698101952,-1.7774542091199652,-0.9605161768554834,0.8436645077300484,1.209717757516833,0.4602436888734995,-1.060775371406687,0.8787335335697273,-0.8732706715931459,0.9022624697177604,0.7225445510849916,0.6991542089160988,1.0616566845898785,-0.6795407127374196,0.6685712638592635,-1.2110113406830336,1.3410201743147054,1.1654441531518736
gehring_L3_state::14. MCE_ESR gen,1.234669142483645,1.2254053348223255,-1.242020061113352,1.3807248297726875,-1.0334568267362765,1.0400614480925836,0.9014726091935176,1.09434949637846,1.1397414314956822,1.0784992343371882,1.0468316632905048,-1.0935926176249244,-0.8835819605007187,1.2446882148212766,0.9897168117549396,1.8283342180263136,1.5069000953413108,-1.1774889873925636,-0.7559745657480191,1.7063853896530086,0.9199271354702533
gehring_L3_state::14. PEN gen II,0.7808554287764334,-0.9423707725187356,-0.9445669157785008,-1.1700829203292844,-1.0197520672236515,1.3170552363581736,1.2816787555975038,-0.8371921420721758,-0.8214475791933429,0.9488744535445512,0.9293931265685814,-0.9782564087772389,-1.005503338408674,0.8670309018588432,-0.8052610553815218,-0.8516191096218756,1.0964193101611257,-0.9728543458867032,-1.1929829331756112,1.1607671734766891,1.3814020113343803
gehring_L3_state::15. OVL senes,1.5520001560760417,1.5887043199010105,0.6414975005658333,1.701404768001626,0.5756430033281607,-0.6607632920311837,-0.7117930880849032,-1.0698057838641792,0.7927836409271787,1.3873490965256252,0.8420251110272094,-1.529659459996763,0.9344072346355315,1.1256254197821312,0.9206720141031732,1.8383314833611744,1.6404424853034658,-0.9314708828289388,1.32582029533517,1.5199912027901306,-0.6498041879548084
gehring_L3_state::15. PEN,0.86339283484845,-1.1482086708390709,-0.7917166706041283,1.1784231858286487,-0.7350294411362271,1.1337507929010198,0.9010964772714456,-0.9834507702278964,1.2279175003799254,0.830464138231351,0.9562828546806096,-1.142773928415638,-0.930791124950532,1.2220336731046673,1.0642340201929057,1.5692518156969577,1.427312336705811,-1.6671206902427822,-1.3939985178145298,1.2359896975969924,1.1687718577382515
gehring_L3_state::15. PEN gen III,-0.7427324445139455,-0.6891755623580483,-1.1216272245556678,-1.1336047757307437,-0.9819918931402576,1.266052000288719,0.9097065130268366,-1.3371602974494108,-0.9602865199888526,-0.922985685154595,1.0574215024085387,-1.5293050828498866,-1.4632656490681093,1.1404421490388938,1.1542797048717215,1.053946647487337,1.2316522084596473,-1.0260512605964158,-1.0779457720034538,1.0755170091743838,0.8083482801885146
gehring_L3_state::16. CPT pers nuc,0.9698209192905742,1.0969545604386393,-1.3022890490601724,1.078692298051765,-0.724756071296273,1.0333881899531454,1.4743239925630962,-0.9107378781691948,0.8168736658016372,1.1176709087860726,1.178018783474631,-0.7862156579368309,1.0980391106829046,1.311913142799655,1.2853111535968906,-0.8567509172490152,0.9060010862453688,-1.377625153277735,-1.0296522619872095,-1.1571893784092429,-0.7619211069049672
gehring_L3_state::16. PEN dehyd,1.0765978605759392,1.1026927958269166,-1.042735084315741,1.6653489117938822,1.1581938626882933,1.2836542386080567,1.149914671613966,-0.9586536215127706,1.0858906838770237,1.069213414525008,1.051536330936828,-1.1483125385869208,-1.0169259856034047,1.3474368876833172,1.190868778815933,1.5825558615172215,1.5338657408744385,-1.0053202460157529,-0.988129226898182,1.1019003268564478,-0.7430967909112584
gehring_L3_state::16. PEN s-phase,-1.203893941786563,-0.585495219725461,-0.558272174433963,-1.432623622830713,-0.8788349921075416,-0.7418902929478475,1.074964140468741,0.7681148451154335,-1.281142833326102,0.9666033155105188,1.2730898284842,-1.1193359596915,-1.1458856117076206,0.6365754629118241,-1.0988823072747933,-0.9641972809463484,1.0648813681382283,-0.9663108231127608,-0.8045524450731664,1.2654574916229333,1.090395690324323
gehring_L3_state::17. CPT trans nuc,1.2162222739728517,-1.7232889114088914,-1.0484895131593752,-1.2868173433783263,-0.9756827531163724,-1.1438638211741312,-1.0899047798308317,0.7556934193784353,-1.0068995405416743,-1.249452013078704,1.5421688251615782,-1.7598205400198097,1.0726361239808748,1.1457731285772736,1.0587744155320291,-1.1581818892152267,0.9038481907926962,-1.8272171319631625,1.4390387445060882,-1.1331209722493687,-0.7985566318498754
gehring_L3_state::17. CZSC plac phos,-0.9272672378689996,0.8998438646112318,-1.037115495870055,1.386054040181206,-1.0479261896178669,-1.4518428162286308,0.7178921561262086,1.1034518295655156,1.079752377068375,0.8720647606529623,-1.0296186685222135,0.8785077905734434,1.1818754752670646,-0.7743385603406635,0.8500757290699456,0.9065826811111624,1.098494371676212,0.8498652312228598,1.1168180680742137,1.4845021803998906,-1.1158523451648081
gehring_L3_state::17. PEN gen IV,0.9896467752512172,0.9740555809070904,-1.025523359463557,-1.2039239652879523,-0.8183838285981967,0.8774126383450256,1.3330162940717727,-0.9577418999153358,1.3000124366467851,1.2516444104264275,1.0232486070958682,-1.0934071799994567,0.8037358924076421,0.9538884846985431,1.1479327907682948,1.207088203261653,1.488672819096352,-1.0058196329386488,-1.0220812651483333,1.1656109515057111,-1.203680394154326
gehring_L3_state::18. CZSC gen,0.922058183222166,0.8230484112931421,-1.0433255650683453,1.2552041965526095,-1.3110207413031392,-1.0877818673790154,-0.8229545643627785,1.697667695220292,1.2315986831232923,0.7649280905591227,1.280071455933907,-1.113209054144559,1.281564756050333,1.262609650195583,1.078371823702032,1.4930844092263205,1.1021265026143394,0.5565509923788615,0.9030054731912942,1.676625205263445,1.012629465114227
gehring_L3_state::18. CZSC plac call,-1.5582238436661269,-0.9106657711512718,-0.8028499826045941,1.2358453628216173,-1.2274248956590212,-1.018676850301982,0.6662870313495156,0.9686943211743052,0.860223209172991,0.7818063797621037,0.819383689011727,0.6220763721854496,0.9879049480344256,0.7267616975539896,-0.8814357781902826,1.358973919545257,1.225881795145494,1.149692450026761,1.297064342765609,-0.9891635008365436,0.6510814069508175
gehring_L3_state::18. FUN epid,0.9186735024376528,-0.8007341703479107,-0.734200105963743,1.302829296287578,-0.9320089666239616,-1.025516607409788,0.634608027825295,0.8308127663387648,0.973662541292652,0.7411335064055714,-1.1853816605569976,-1.3975897059894062,-0.7935754574292491,1.3835377416718222,1.4810332415814784,2.065574501872789,2.0215743262305423,0.6937127037719878,-1.0358911476276549,1.459497187529234,0.9321089718287814
gehring_L3_state::19. CPT pers nuc,0.7867965384335275,-1.2477547449910562,-1.112944900917561,1.347718239196708,-1.1210228194562917,-0.8606668904134646,1.4457234395712977,1.1052734402673,1.407986384945036,1.1852501853067443,1.555885705300297,0.945311304939332,1.2978119363183116,1.0486575303948384,1.1982772276711753,-0.915267016483478,-0.8135651937680893,-1.3118667957844794,-1.1600208624373782,0.8220263226741092,-1.4662283646925949
gehring_L3_state::19. CZSC plac phos,-1.3228332978767152,-1.574226034248981,-0.6945384851803684,1.2194115215289332,-1.4334564493767148,-1.569173120828077,-0.963861690368098,-0.517642447309099,-1.1867613358714353,-1.117971255035864,1.268653662978251,-1.5395422758013897,0.8109673054360528,0.9865427560566272,1.066435792904285,1.4456909285492436,0.9210209475761888,-0.9403537201705278,-0.8541145049512147,1.5684339188126082,0.8663131279897279
gehring_L3_state::19. ii1 basal cont PS,1.0142420278858753,-1.1397111876032264,-1.0412763323661325,1.5786715017076405,1.0719188651356266,-1.0142300087603997,-0.9082185547423118,1.1498351514104583,0.721963719986492,-0.9142838811086444,-1.5089393334338257,-0.7758915975343748,0.9712131842232816,0.8290061751031913,0.7806700788876614,0.7819575810201926,0.976234959990104,-0.9399341931530169,1.1673733328635898,1.3633846543294463,-1.08452372234127
gehring_L3_state::2. EMB low proto,1.100902034043523,-1.698493531297924,-1.5045665794777408,0.8849957194439099,-1.5395210054158823,2.1859987272688373,1.9467576907477933,1.0940067086444594,-1.2352544300343762,1.473171291560563,1.0654462788584471,-1.058819854496086,-1.3830248570132089,1.0832732761367865,-0.9337724646246012,-0.910326789045651,-0.7578984153308412,-1.2915096459371698,-1.4309061769957234,1.1529783753486826,0.767858252275288
gehring_L3_state::2. EMB up proto II,-0.5887201778074872,-1.6790296164938083,-0.8200584580584543,-0.7171449854826795,-0.9971153721024566,-1.3092191624421157,-1.0248117697237002,-1.626812546731671,-1.754414108478488,-1.8271649969108004,2.047221724264656,-1.588130115487046,-1.723454236903389,-1.6863073764325691,-1.5067319740379048,-1.8696081985021529,-0.9833097243558602,0.9789094509149436,-1.5982230046869363,1.5820575831043713,1.261636907283871
gehring_L3_state::20. CZSC plac call,-1.7631966059036996,-1.19741362295659,1.281590208875597,1.147840265984014,-0.9849580428522812,-0.9619619888887326,-0.8672841916835957,0.8880470912602008,-0.942005166055902,-1.2233070427453756,0.7359005330597947,-1.2320876934730192,0.6773623476867654,-0.9486216004049656,-1.542514454110387,1.0442045614892748,1.094359655865362,0.8587539539444904,1.131698581243991,1.1925024719705994,0.815592488515168
gehring_L3_state::20. CZSC plac phos,-0.6987647757143319,-1.1315903840898178,-0.9805561807025344,1.5392382436880816,-1.2578521527485895,-0.9242859980010332,-0.7238968323782405,0.7502719929952218,1.0021159200425522,-0.8568636254621199,-1.0811498415288878,-1.0771584788295117,-0.5843384962037556,0.6204566907205566,1.097715667393013,1.387707497304846,1.3435116908648366,0.7521852514451848,1.3555578765869407,1.5149481231259712,-0.8538858963850264
gehring_L3_state::20. ii1 endothel,0.814377569103123,-0.760572962720472,-1.0032021307537025,1.2400050705560333,0.9870548590388556,-1.0295460920135568,-0.9084953124701358,1.0010343995438205,0.6784854189571671,1.0235439528614985,0.7553824642636688,-1.036977108186699,0.9637947027141208,0.91793277462387,1.1166832380609626,1.2832008318232666,1.35031069082462,0.974938336008564,-1.4086365031622463,1.424693866834555,0.8229690528520055
gehring_L3_state::21. CZSC plac call,-1.574329652187454,-1.0734683144702644,-0.6391495059697037,1.24988027013655,-1.2214177058221938,-0.8685020755409487,0.58677440498838,1.0400635922400787,-0.6267141069565788,-0.9166706747887106,-0.9463178079642726,-0.895934521506526,0.789221494466685,0.4860348618675106,-1.1046284988963264,1.1976113897638414,1.2147870446117153,1.0387285454460584,1.283457209857349,1.0468568959048443,0.9613264093457338
gehring_L3_state::21. ii1 endothel,1.3596991007305417,-1.1713828396730708,-1.1777837191434013,-1.6042711806385763,0.8955956586208396,-0.904821112170632,0.8424770257016118,-1.009551944931783,-1.0723915909627064,-1.136989143848307,1.81117529649298,-1.650260750570581,0.9748626337370686,1.2154338173166712,1.348104926900606,0.8199213536283567,-0.968470626290628,-1.1280589595240336,-1.3301790033254042,-1.0867286385000634,-1.1843276891942678
gehring_L3_state::21. ii1'/ii2,0.7187476899577452,1.3712172198413215,-1.3112935268240613,1.096949288691851,-1.1619793395224711,-1.5610373370017516,0.9786648994169364,1.0778385761308649,1.1867149521196612,1.1093084524120669,-0.924734062930278,-0.8430883913200271,1.005058023990684,1.092136814876262,0.6448425908352142,0.8265578083756581,1.1076280663821398,0.8414011261116794,-0.8784567489328772,1.5310593933588632,-0.7329620443432637
gehring_L3_state::22. ii1 basal cont PS,1.2796393185498174,-1.5535061471627654,-0.8190097111410927,-1.119406122069075,-0.9573779850205238,-1.1877651551981845,-0.9485018165893556,-0.6880581136882896,-0.9715278352036616,-1.2772385144470504,1.4994060099570377,-1.7162762434925325,-0.8674931169923369,1.2941040073105627,0.9920417655413688,1.094020192175648,1.134309669611714,-1.2154982110607853,1.301908281348829,-1.2316957599121636,-0.8318159915725024
gehring_L3_state::22. ii1'/ii2  high sene,0.886484777366785,-0.9342187062949824,-1.3286919183124923,1.504357332128525,-1.3298513683720006,-1.442483313382046,-1.536713469898095,-0.7323748213683838,0.8900226837955085,1.3089612770809118,0.9632543794955994,-1.2160471465322928,0.6576062996404709,1.1195383814808917,-0.7475278683546519,0.912955800954388,-0.8777352670911337,-1.186543361411019,-1.2064521778395074,1.8728011006021277,-0.9676664281279763
gehring_L3_state::23. ii1 endothel,0.9710946728714916,-1.7238070713893014,-0.8906135726223505,-1.5904367911735835,-0.7502137514122692,0.9823575570494644,0.6803847650820601,-0.8234220658199032,-0.8344821108784587,-1.3217600256463566,1.595709950643312,-1.6705588908020377,-0.9118885156325358,1.401243684565332,1.2138031205840878,-1.0185344458992498,0.9788371731004806,-1.3124635603482615,-0.9389067006735912,-1.3143410663256203,-0.7883010809091942
gehring_L3_state::23. ii1 endothel s-phase,1.0154043526254608,-1.2089700532412655,-1.2360963697385694,-1.509984013601396,0.7779611204894559,-0.9131709711719848,-0.7188330329008891,-0.8206852603155455,-1.3094643332927116,-1.0750039068573145,1.9833076061648984,-1.7313878859544374,1.130945594489834,1.2121895278550283,1.0940805100645068,-1.087024153743568,-1.0946226945145032,-1.0495880931488473,-1.2323857243879852,-1.0242429116521483,-0.9436857315282722
gehring_L3_state::23. oi1 flav synth,0.9979106408887154,0.9834833301635688,-1.275875771653893,1.4441349504413896,-1.036896848464406,-1.1406443026059137,-0.8363232702850374,-0.6513638465670479,1.3069645632941356,-1.140097224612311,-1.3594563002107058,-1.0134838199810947,-0.938775099843512,0.9246347472570748,0.972362908615661,1.2075071759034737,1.238379124130346,-0.7806421591260972,1.1269309497264373,1.5468203655956327,1.0723724306875375
gehring_L3_state::24. ii1',-1.130528530807158,-1.1268916214912186,-0.867141278472573,-1.1374371987986531,-1.2392043515867344,0.9034165831198872,-1.2097423237007745,0.8631056092148107,0.720355340773367,-0.6821834476304144,-1.0043816827179652,-1.2592023407013455,0.6614579577495648,-0.8758186226362853,0.7351412422703772,-1.4516387356340632,-0.9797826653737132,1.2866522972338144,1.1031558115383873,0.9510953459713382,0.9854026820139267
gehring_L3_state::24. oi1 flav synth polyester,1.011662091700302,0.9290433801113168,-1.3019304836124528,1.455321545263384,-1.3073580351831693,-1.4002695315228526,-0.9984073811628752,-0.8722018585554273,1.4008297114298922,0.7898671021370112,-1.3828405727555797,-0.9490135704509672,-0.9793700141247604,1.189064984530768,1.5617972157941615,1.3955665034612994,1.13700270303034,0.6550459158296181,0.9573170167173224,1.5977109792766753,0.9026334257649063
gehring_L3_state::25. ii2 gen,-0.7516878085361115,0.9948914602986282,-1.0618469107467985,0.8990063814396582,-0.6393850546394125,-0.7491854376618702,0.729173482617795,0.9407291670881648,1.103903965740113,-0.8423123749245542,-1.253965274452139,-0.9314095217774282,0.7914393045819845,1.0092102834993653,0.4901652489728193,0.9904988841283706,1.2514066060527176,1.231767035666675,1.5266219741692262,-0.9455353591041004,-0.9045849223478287
gehring_L3_state::25. oi2 gen,0.753563755236405,1.2117539860740378,-0.9760767026721062,-0.9614297922718598,-0.7785511131812795,0.8977202025588139,-0.8059046136705783,0.9583712373550748,1.0938007594965236,-1.1007042380205847,1.1155147163793464,-1.0538491149742624,0.9239954958091764,-0.9626778539160868,1.1159597322857857,-1.0530400652793033,0.8271857435732632,0.8535788118606202,-0.976242277123626,-1.0529630679331774,1.0952565301333401
gehring_L3_state::26. oi1 flav synth,1.100746980888855,-1.290006150590548,-1.0198339803204832,-1.4317422870852818,-0.7855963889635199,-0.8680870207885711,-0.967813026842901,1.0070863935379586,-1.0445172509878282,-1.6230265560074342,1.8646318948262293,-1.6085070806950617,1.082036519473205,1.4379448192256372,-0.771862823989367,0.7480622341393632,0.8339473439282468,-1.056236083076186,1.0713381346666715,-0.9712274581249786,-1.045263934984997
gehring_L3_state::27. oi1 basal,1.1420025288694635,-1.054256330316351,-1.1083299193085456,-1.0879229192388264,0.7650687229464851,0.7561408881221349,-0.9150973304848256,0.9716486196496736,-1.0458771564582974,-1.278920911330229,1.5258637067119083,-1.4947908674417767,0.9642780276521996,1.3645052228478196,0.6788470431509254,0.9418026093597754,0.8345872709917066,0.8395129498972687,1.0380665054532856,-0.8748425060996458,-0.9198202232294092
gehring_L3_state::27. oi1 flav synth high PCD,1.3559293061474726,-1.054408353199922,-0.8872864055836838,-1.85711038206472,-1.1525763157278506,-1.362751250784093,1.1141561067948098,0.741886737353324,-1.047988141186099,0.9354282604492616,1.6447751966313526,-1.119546597308712,1.1879572413046413,1.2288110046847232,0.6343668833761102,1.6267842399094248,1.793203581016864,1.390496845576062,1.0834698053328953,-1.7347345793210855,-0.7385827310622616
gehring_L3_state::28. oi1 flav synth high PCD,1.2260335569267,-0.9743413268546554,-0.9941794926159914,-1.118572347143451,-0.6182541655110945,0.6876851394055203,-0.9265227508567662,0.9673261858874668,-0.9890860723173674,-1.3766446371113583,1.4634059154721817,-1.496564459586516,0.912320049883894,1.3425899122452885,-0.8254236854362389,0.8646461144664335,0.9035444831265232,0.8647168866797496,1.067241021729278,-1.0341542271797637,-0.9209814029252904
gehring_L3_state::28. oi1 flav synth s-phase,1.17975552390095,-1.2601748674856252,-0.4259438330544328,-1.5786732929846368,-1.3292525034017857,-1.4652337129931363,-1.021481537242039,-1.0419569048369706,-1.7822798974911056,-1.27417487411027,1.8211222740073203,-1.5704095253462678,-1.25290102070754,0.9443357861721284,-1.3863031874580756,-0.912820295729186,0.6451544727609039,-0.762586792697008,1.1572457082449594,1.033661686706359,0.6127322899134656
gehring_L3_state::29. oi micr,0.8970268199842407,-0.8672925685088174,-1.1899740499504972,0.821472658345693,-1.0114433474519624,-1.4219745085754756,-0.7646224680772232,0.9269519627226164,-0.8610847220065835,-1.2173567377931611,1.3943990807376656,-1.6826596352255798,1.1210311694489326,1.6827427599986402,0.7753173676735967,-0.9273169614763996,0.9947146014589684,-1.2736944878487213,-1.0938606480003006,0.7446517637517028,-1.4450940135198485
gehring_L3_state::3. EMB inn cotyl,0.8304244830363895,-1.486101392305783,-0.9108716447795112,1.275408653933969,-1.3642148851650822,2.239033333922742,1.8545290507349248,1.204118663182979,-1.0128875204748733,1.6344978453276726,-1.0412742860119488,-1.130576188261145,-1.2124097923844066,1.0985730589065463,0.9247832940967332,1.139018132063869,1.059320929580371,-1.435879571405161,-0.9433948680376,1.242654184489803,-0.8218792363481802
gehring_L3_state::3. EMB low proto,1.0829562240962634,-1.3076353607973918,-0.93336487279689,-0.8194427375742246,-1.5811065501603767,-1.2763603444384175,1.173990705474636,-1.5101677860821838,-1.5835542004564558,-1.529497794473648,-1.0139755050297503,-1.006610928207194,-1.6116545406676115,0.5431677653336725,-1.039929598535451,-1.941945521630992,-1.2958748963445417,-1.486206843573767,-1.672657896506554,1.1721667463227443,0.8370693355815659
gehring_L3_state::3. EMB sus,-1.1890756273152812,-0.853830877593808,-1.3127457852140705,0.7709351562627198,-1.1209896279353926,-1.5383689039565984,1.689957867430527,-1.3969102510095497,-1.1476546731700714,-1.3693561607822018,-0.9469261684741856,-0.850647820187387,-1.4408278419385332,0.7666646715089457,-0.9931978197724272,-1.281796175391251,-1.002892955810963,-1.093512472719302,-1.450717188547591,0.7526398459208229,0.6639883872613466
gehring_L3_state::30. oi1 flav synth g2m-phase,1.106783089044489,-1.068753005153658,-0.806046539102731,-1.7756875299952242,-1.3481114535195466,-1.4725973470654408,-0.7917310975673486,-1.0793977238182486,-1.972174335988512,-1.9439320619924685,1.1182800350142326,-1.7277409327325095,-1.040874214991846,1.33383575272546,-1.0692276292198428,-1.5411989659399787,-0.9882827994966624,-1.1574924192604754,-1.100869590771007,-1.126549880824662,1.2443498730630396
gehring_L3_state::30. oi1 flav synth s-phase,1.279004900183914,-0.9513336677742932,-0.487468753586293,-1.416337350886051,-0.6725906658666836,0.774034259250609,1.1894459070988104,1.4099042324696605,-1.2661432374343644,1.018213274238004,1.6341386544044856,-1.034546585788244,1.0489057324654851,1.0556852915657724,-0.7907188037089267,-0.876033297530222,0.8252657785779408,0.8921948607269834,0.6595650818383425,1.207487241325427,-0.8139987750348548
gehring_L3_state::31. oi2 LTP,0.9713441693781648,-1.5147412632458264,-1.0351324934218666,0.8442076052942876,-0.7684102354850062,-0.9470769064526215,0.8873756073011038,-1.1092745127515151,-0.9058148973489304,-1.320752431726657,1.6538178781427346,-1.688764999370468,0.8034581995996296,1.0769452243297222,1.0007012519728675,-1.3051449517292697,-1.0228545953975698,-1.2353974183974958,-1.2611172733222946,1.294160720879345,-1.4554060831223112
gehring_L3_state::31. oi2 gen I,1.4415105825154206,-1.405795886455013,-1.1102340237442268,-1.418178249942168,-1.2395375286109866,-1.0576509237067182,-0.9340567222540116,-1.0444205137539548,-1.7487484883897677,-1.652680122266453,1.5038036191107842,-1.799393354460053,1.113390496415975,1.1121071413715031,0.9875170641828664,-1.451422398937964,-1.4987343305184475,-1.3817298186539984,-1.6996826260797366,1.5092229785050897,-1.0527567331085987
gehring_L3_state::32. oi2 VLCFA synth,1.254980150591891,-1.5171275342082269,-1.3337087574932571,-1.3374900984810485,-1.1739595405958765,-1.198718238812365,-0.9169540286386012,-0.7756703637450625,-1.3963927884199487,-1.6540252557771675,1.6787435039359275,-1.9997985306663224,1.2639295109281474,1.4884652654472157,1.4262327661455088,-1.7428539989305143,-1.4853316135146462,-1.4368550309671535,-1.8174498024215129,1.608808682390008,-0.8314959100987224
gehring_L3_state::32. oi2 gen,1.063783512251688,-1.8145655910775609,-1.093110739967229,-1.151937910351583,-0.9475822925168258,0.8269882269559611,-0.8806044279289127,-0.7257924298108119,-0.9402114448807576,-1.5173412713981542,1.036748220723284,-1.8234555263939665,1.099492240953737,1.6781924545792228,1.7379736695264534,1.0265901257554062,1.1093136582292666,0.8248727216844823,-1.4492806476107558,1.1423766891100022,0.7079085784463567
gehring_L3_state::33. oi2 VLCFA synth,0.8614883631016551,-1.4324386955407835,-0.9431598813341432,0.9857124987688382,0.7866097814163758,-0.8818026677396797,-0.8470176956311076,0.7405060032147849,-0.8441768364263891,0.7347712081313555,1.0641799639017202,-1.1876592975865468,0.8291083159356221,1.174426983121179,1.318232164462306,0.8185827123223547,0.7637324212235785,-1.179283381346126,-1.2717085534629664,1.6484656111482965,-1.201820575761031
gehring_L3_state::33. oi2 gen II,1.220057585177362,-1.02606964274849,-0.8744211237587748,-1.520280239938858,-1.366028676104808,-1.0741139709141472,0.803121007192064,-1.025517591100897,-1.4867611172784103,-1.0539741999751526,1.455438380629252,-1.4330679757332976,1.25534047996782,0.9892576904135436,0.7286307945654227,1.241273678874711,1.5096055894505709,1.3832228804069864,-1.7413464041122038,-1.334592029201495,-0.9734724999507496
gehring_L3_state::34. oi2 s-phase,1.1665157323193331,-1.3177328552089558,-1.155166986720799,-1.2626469817473065,-1.262881535686269,-1.1721675563682432,-1.106354821603904,-1.114777773764999,-1.6898582125540167,-1.7742158598991076,1.4905701225290615,-1.946976831540674,1.0927068902946748,0.9169997113846337,1.0424861691737712,-1.3915588980047209,-1.2377131728945872,-1.5187174640990764,-1.7327131416612442,1.5291476244436202,-1.1559047298804332
gehring_L3_state::4. EMB cort init,-1.2798026801220297,0.6525887919138472,-0.6015889414655082,0.6464192568081792,-1.264121974009632,-0.5528707874468385,1.1842397173288044,-1.495984585200942,-1.371825662281211,-1.7375760149657609,-0.7864348372419839,-1.1005576106586703,-1.5251327543564386,-1.1131227638883934,-1.4676403995533729,-1.810099285338268,-1.1227681062147965,-0.8866074457958157,-1.2026033456751937,-0.9700165496453204,0.8907941519228866
gehring_L3_state::4. EMB unknown I,-0.7624938982145588,0.6906538044700682,0.6329820335657448,-1.3597000462696205,-1.5380780585470055,-1.5530007722770414,-0.799990499138468,-1.379291584524743,-1.8388164612321425,-1.7999171913804666,1.232153031142995,-1.594901845109948,-1.3746611093261984,1.0306018532542347,-1.1704646219594486,-1.861646604871904,-1.421011948481613,-1.641791195290155,-1.2931132937165577,-1.179344295479838,0.8361117147437777
gehring_L3_state::4. EMB vasc prim,1.0868815873250222,-1.0600874628191812,-1.3068322741189975,1.2402274628363057,-1.2477451741993302,2.453872564234598,2.051677028064156,1.092467490026155,0.87915389976798,1.718911182833249,0.9895164646359916,-1.211198113891353,-1.2202575864307463,0.8177213735370906,-1.3796167436556714,0.7353213869987905,1.1134107318599302,-1.6054481830731948,-1.2078648122048603,-0.8672545524106354,0.7836252178051137
gehring_L3_state::5. EMB gro tiss init,1.140560117916576,-1.5704718527874626,-1.1239167373043395,1.6732253830027355,-1.266991439443018,2.3109783488068376,1.884344169927148,1.316230472022866,-1.0158988546405194,1.6852790438446903,-1.050493022133028,-1.123878270256382,-1.2461832430755495,1.1225567968271313,0.8680883804461017,0.9941879430523596,0.8028837354996033,-1.3881787325635306,-0.8047090716279971,1.1298517230559666,1.1240584557958508
gehring_L3_state::5. EMB unknown II,-1.3442938401231128,-0.9134443850235324,-0.8624460329742274,-1.3511095478535315,-1.7598426632627884,-1.9649761817271945,-1.7996644160620896,-2.243167440319771,-2.6639495802299,-2.3811162198008504,0.7720779812690478,-2.452967858248708,-1.9250755041975816,0.5535396733445024,-2.1183533939767525,-1.7927336148892057,0.9727301106838732,1.0829567947969476,-1.5446093452858152,1.2714216949645205,-1.0461581579550148
gehring_L3_state::5. EMB vasc hypoph,-1.4893337168635965,-0.8884804947374826,-0.7562418267314172,0.5487013675316064,-1.5086452859216262,-0.9989401999240314,0.8524205950125201,-1.4163314870486172,-1.4714019864701542,-1.5102677006923158,-0.6294423755123217,-1.0823644415842388,-1.575133486533409,-0.5466514105429506,-1.002738950549434,-1.494451101326729,-1.3953899492077737,-1.9437940210146587,-1.3519764089509745,-0.9012760668255692,-1.1105637710483218
gehring_L3_state::6. CZE nodule,1.0458446917373037,-1.4087201569748506,-1.5143479231334185,1.4912264345049115,0.9324283094590582,-0.8843063604805206,1.3850990316863805,-0.9286801331465472,-1.0134258400218896,1.4405514546978682,1.600674331779444,-0.9567153356466752,1.0942066773837809,1.2358432209365129,1.3273053548140783,-1.251465386074554,-1.058808974929819,0.8437152852419094,1.4420394555740643,0.9774846783356588,0.9918899327959037
gehring_L3_state::6. EMB cort init,1.297684079306381,-1.3974104737728392,-1.2684191245091196,1.7048653859563774,-1.4979648576423092,2.278840434526817,1.8523420971740407,1.1729574865818055,-1.0657771202435955,1.570032796190999,-1.1966132525062674,-0.8133589665389553,-1.1386500584172827,1.0850633415491362,0.9263091654672896,1.1263475556124871,0.940339805008814,-1.1102811346096206,1.3433651966136466,0.9285902297980092,1.1593353988871484
gehring_L3_state::6. EMB unknown,-1.4907354593566715,-1.1296281213180994,-0.8564178920100411,0.6441355280770077,-1.2066136660942086,-1.2292344217388218,-0.8313205918061128,-1.666983579932548,-1.510046799026601,-1.9446723409658009,1.8216421196074504,-1.583193954441753,-1.672193129276074,-1.742998944284144,-1.527888760110978,-1.5669592404695805,-0.6841323318707853,-0.5817236814731923,-1.548222705266121,-0.6736914364754553,1.0489618713118722
gehring_L3_state::7. CZE apical cyst,0.9454870398463436,-2.0115311286974693,-1.0757444905698277,1.1285279311189418,-1.0620028170104296,0.7734607363663266,1.4299275556271056,1.1285489733981708,1.2155320857473806,1.4681911556817504,1.4062335910676171,0.9565698336982436,-0.7338237875445068,1.1342376268943593,-0.8575465719394332,0.4654537126240056,-0.5062684786045788,-1.944311258985412,1.4064855634665334,1.029920728034116,-1.037842432936814
gehring_L3_state::7. CZE basal cyst,1.4394885340463248,-1.0624176437086277,-0.9067085088591784,-1.577997876129358,0.7280188879416755,-0.8932896199972733,0.7785759582727836,-1.0345036749517995,-0.9071734122177002,-1.2876979756973783,1.7558719819530306,-1.7202321771423956,-1.0177739539178303,1.4393697930749514,1.3042300318691995,0.948940291677717,0.9044591702195895,-1.065749282013267,-1.143189752055355,0.9749456330883856,-1.2297865560832064
gehring_L3_state::7. EMB hypoph,1.1162726336452495,-1.4015425762355684,-1.4235567087627732,1.7458881125015464,-1.5223775839976976,2.3380340378187965,2.014232225507969,-0.9331267929604428,0.924630995812072,1.745392537240504,-1.0837450093548793,-1.2002506075028696,-1.5808854798084049,1.0294653557706956,-1.0465108984479234,0.8532630124800505,0.919835192009956,0.982113113709744,0.8022014526584053,1.081164110460172,-0.8969373936462377
gehring_L3_state::8. CZE basal cyst,-1.2430635901575473,-1.7622266028780342,-1.1567381595334223,1.2497122699941012,0.9690308906795368,-1.024957030263815,0.964334069212366,-1.0435963412421387,-1.0398379253692036,0.7790795040617663,1.212434445195057,-1.287536897733979,1.051850404587482,1.3963210924822065,0.9943517661780698,-1.302757276655767,-1.2289927722634069,-1.1658042957834087,-1.1251492864528807,0.8805231459287277,-0.9401148586772538
gehring_L3_state::8. CZE nod-like,-1.0491952281632162,1.048602785999902,-1.780643219094044,1.1472861961940914,1.0863770484222317,-1.1300909316370105,1.3581990967757165,-1.1895559432232026,1.4536383238551245,1.3001134219534365,1.097959098837555,-1.0269828779213048,1.3737906476541424,1.1799592959210496,0.8453223779229269,-1.100319373573204,-1.128376833467811,0.9935257775077612,0.8075063012666551,0.641343016666419,-0.9429085216732999
gehring_L3_state::8. EMB  s-phase,1.0547611791569078,-1.3244960518307334,1.0216247487175163,-1.0969859448235155,-1.1968229833637298,2.227989660580298,1.7694211536291171,1.0413817082580286,-1.3148660573376458,1.504150537532022,1.0694556917530391,-1.3540778124539783,-1.282037200256593,-0.8303553293048593,-1.2768834114649985,-0.9407538164809344,0.5329769772690691,-1.022534993853269,-1.3891782660564,1.6455383143444513,0.9685152938036762
gehring_L3_state::9. CZE nod-like,1.1411300208250572,-0.9823075810217912,-1.4518672820470089,0.8114881871330392,-0.535609470408448,0.939510610121957,1.1961769390343702,1.212473493715592,0.9735372752045748,-0.7694258719061592,0.6387614391344278,-0.8023509679359128,0.9426458425326364,-1.267231939265247,-1.032325038740125,0.7104259278483483,0.6502199861460091,-1.2322453453903377,-1.1427438203182148,0.7739025800958483,-0.9471137531792344
gehring_L3_state::9. EMB g2/m-phase,-1.6193586245808564,-1.215197888250472,0.9393562159770276,-1.846892538385143,-1.9552953607494885,1.5496056245237677,1.16166736609727,-1.868606830193104,-2.548574224624727,-1.976419548042677,0.5534507635648079,-2.1800179034891904,-2.0148977691661347,-0.8601693896330651,-1.8701522296732185,-1.927646458221592,0.7315279554684632,-0.9640849874804532,-1.0013624872409224,1.6636520886681143,-1.1782437393335923
gehring_L3_state::9. MCE,1.4210064960619764,1.3065947806859768,-0.8113971811985375,-1.4213686851855998,-0.9272051185341704,-1.0847965585125543,1.1762713895441508,-1.1033970523384695,,-1.224431826245189,0.9851445309760548,-1.1003349265859006,1.0659646669492888,0.874815774855856,-1.274549136909792,-1.375010690609626,-1.6143069673557502,0.835801567720499,-0.724665556894987,0.9166250640019268,-0.9312382051711362
germ_cluster::1,-1.609499765387896,-1.107242195695039,1.0560801367571784,-1.1855470009093652,1.902225065956184,1.6676256713484603,0.6826947647938804,-1.0541664791161731,-0.6096328003630338,-2.0948997177604505,0.8720520315120843,0.8888971931024245,-0.4052259644074544,-1.1044666763751476,-0.8288555399277414,-1.476972456900746,-1.0046148066100753,-1.2278532951947647,-0.6384742430241924,0.6179830099921165,0.6344216009218284
germ_cluster::10,0.9336075113186738,-1.5833234893223531,-1.1953012015264364,-1.0079483492102552,-0.6455830302284931,0.8567173240685312,-1.049012850689963,-0.4611332667260084,-1.6072416154193423,-1.1895186117420609,1.6339388770636378,-1.5171894233046794,0.958711277183668,1.1570735770458782,1.0466827621114572,0.9455773898470472,-1.008689298302568,-1.3471293651971386,-1.78891699318308,1.5857591936908766,0.9193053747065877
germ_cluster::11,1.4622544794436858,1.5079934882238353,-1.4583535863214794,1.8948509039234456,-1.8349239350080644,1.3796363803652556,1.7257978986297922,1.7556995679498628,1.4920505149008731,1.931556623145492,1.1556777001946403,1.37794494925889,1.2933308977262683,1.2232897212522629,1.0559112373651842,1.7712122303278606,1.4322515104624962,1.3860336918614058,-1.57038554196621,-1.3726912741747253,1.3559392971465678
germ_cluster::12,1.0246849353722531,-0.8260889548434408,-0.7505601090454794,1.3134150740295605,-1.012003920998839,0.7220307783208882,1.6660676732594035,0.8496649813876909,0.7152690655770094,1.6198271533964854,1.5283258746125756,0.9075026538761548,1.2128950224446573,-0.9182554959087984,-0.7791174274404153,1.3806299402034112,1.2352018625076144,1.8562646027016432,-0.9682052990103626,-1.4118627162994366,0.9441729768563245
germ_cluster::13,0.6494223092162641,-2.08766506964233,1.878740971713746,-2.133248304395803,-0.4254739411309073,-1.4132511215874357,-1.8825148436563048,-0.431564209527655,-1.2070799099451623,-2.0139986732235653,1.954885628229957,-1.3273064444008054,-0.4963927828356038,-1.894172537519328,-1.751641487472599,-0.882707576490274,-1.3017367130757689,-1.4863502588776931,-1.1365721012617926,0.8484386205201006,1.0054830605752962
germ_cluster::14,1.7461135527269716,0.7795442518723228,-1.5346337646244108,1.3296736583778366,-1.441338977094608,-1.3203897846167316,-0.9102801787489002,-1.7571229044489345,0.5482822399931379,-1.0280990884859025,1.3251637362079731,-1.6271535685739351,-1.4546327522317886,0.6883700268261964,0.8511970715644213,-1.0910335696756222,0.7038439951650194,1.0486200950158235,1.5378683567224736,-1.0885728542629367,0.6755907998975119
germ_cluster::15,-0.8646402425782416,-1.5198367868166889,1.060767427495333,1.3641210321612156,-1.920956625004389,-1.5321238662803776,1.1091909750253972,1.190661259984244,-0.5159140817730263,0.8028370819909183,1.7717656726555646,-0.3472868242893491,1.545642256596035,0.4087877869130345,-1.1742926792503432,1.1463300432725017,0.8108072246755565,0.4903674089394688,-1.0880131282002357,1.4406710753215,-1.056591770583794
germ_cluster::2,1.4501208051640757,-1.0984896832088071,-1.1789437868344983,-0.820786931043522,0.9052973683886328,-0.7773920156512817,0.6579656016136143,-1.420335654484474,-1.1150331952761352,-0.9071111540622988,1.48854233028189,-1.628868584405475,-0.7185772073583035,-0.6414097538599308,1.202903217996248,-1.5365418126941746,-1.0434273314445546,1.7022379033421902,1.6476756465566134,-1.5476868483243835,-0.6862695375620631
germ_cluster::3,-1.953996134492216,-1.9194973449949944,1.1090300632365635,-1.6761187992622053,1.159935580623409,1.1173407385468788,-0.7355117489141728,-1.1079033881954368,-0.4757003412642894,-1.9595737139109368,1.3883135271478384,0.6955585447925903,0.4464981478307592,-1.3652312167006777,-1.3398483805668886,-1.8666488320005508,-0.7851252326053301,0.6432686675624598,-0.8955728499311814,-0.829703941072876,0.6996517307931598
germ_cluster::4,0.6881301434867088,-1.6460744632040527,-0.7484531747059032,0.6303042553439802,-1.0912539182182242,-1.4325618082724487,-1.6166884754208104,-1.3400422757278714,-1.9514267095314,-2.108740280265318,2.2917025358584326,-1.9538009321801448,-1.3501667030462574,-1.835326559845436,-1.7390818035156002,-2.10643572756326,-1.3089782170418638,1.3614770650191546,-1.5972924562329374,1.312155284473319,0.9644875354602684
germ_cluster::5,1.0264810252388932,0.7715718064518067,0.7473212163048145,0.8813776136359741,0.8404768450706719,-0.599145908063877,0.6730835703392326,0.5200550116273795,-1.5637074007818117,-0.8953217510938262,1.9354965981193704,-1.3530397728434846,-0.6732314546183693,-1.6474318277484292,-1.6849021878316537,-1.5060447556323573,-1.056920156819074,0.8516508892331315,-1.2199046056743674,1.1280313466193732,-1.2302698391029425
germ_cluster::6,1.2834586285866718,-1.1050784619751108,-1.024356961382444,0.7246284155029838,1.7141144372304633,1.312023000013646,0.965058450027304,-0.7547211065317146,-1.2447803757135083,1.130336927133535,1.3762430529486576,-1.308323664233534,-0.7440758665781776,0.805325553864443,1.2712220422386278,-1.186735572629222,1.1308418101161553,-1.015438507329616,-1.758224198173426,1.3321528689073792,0.8245057029442404
germ_cluster::7,0.8050433103689207,1.2197276310820604,1.981596861336915,-1.846991886306064,0.5797151116759796,-1.2379837252643853,-2.079582351098402,0.9308794315077752,-1.141779311683717,-1.9689113219780952,1.8492124168417328,-1.2247982066313603,0.5119129311387938,-1.8351027322121545,-1.6041302143540912,-1.4449955486990451,-1.238848831882141,-1.7532109234173214,-1.2932434523201937,0.8932501396584923,-0.5961902789805142
germ_cluster::8,1.5707257270937822,1.7190719042161784,-1.6139110653663356,2.1250865162941657,-1.3590996727782372,2.405269392873171,2.318391631204022,1.3864985761190485,0.8849689678751252,2.056858955545676,-2.162600762321972,-1.2928324767020558,-1.1107851109603388,0.8866335724604366,-1.1437550815138824,1.526541599304822,1.2541373329873384,-1.284938613759392,-1.2012967972519448,-1.212893147983941,0.9292882146327818
germ_cluster::9,-1.3550335191805165,-1.15422139737705,-1.2578877241534585,0.7180140184093385,-1.2392372248023988,1.227987025970051,0.8034800523881179,-0.7265782960523588,-0.8980134285445225,0.8052772333817108,1.6861233272606249,-0.9760046691489396,0.4094232519194015,0.7422345852542115,-0.7070662650397013,0.7055119248453844,0.6161061728502851,1.0550864704460263,1.6046642893299408,-1.1352017323903785,-0.7623772169199999
germ_state_time::12hsl,1.6514246281395228,1.9367803586981016,-1.3149569059573325,1.923381692394224,-1.6546566141709027,2.077607228493,2.1172529855223416,1.2788283265291565,0.8756497218124089,1.86225239038524,-1.5584228227738002,-0.8711115423156298,-0.8912167216209054,0.9254232079577852,-1.1511572900789178,1.1961232528777772,0.8345266656699403,1.0355364814066992,-1.2388881637035176,-1.5405082836852766,0.8543610040223624
germ_state_time::24hsl,1.1662579585724775,1.6360259712753509,1.0141678383968318,1.591281961851157,1.4076188722851342,1.8837739511213567,1.4651567034717428,-1.127507332001182,-1.566679776303276,1.6135764794158425,-0.9838553153382444,-0.8772160212905691,-1.2458383123291077,1.1927637510180444,1.1254875694275053,1.1889183984179683,0.6954484774871157,-1.5724883765183828,-0.8368322510900009,0.9693544554676864,-0.8068370366135379
germ_state_time::48hsl,1.3646037943572304,-1.444045336031484,-0.8641363533789673,0.9761450640986956,-0.6634606086156626,0.9292607344135518,1.3065275181162477,-0.5440754792271731,0.5417990386464411,0.989179843317476,1.6083639007634525,-0.5495366818687706,0.535370666592615,0.709775699679038,-0.5534203311663048,0.8778438789035248,-0.8149033636947526,1.733367480334313,-0.7489666895243908,-1.2803072960446895,0.7848049708076587
germ_state_time::dry_seed,1.4906053984234149,1.6395983281636797,1.076777300193606,1.7765380353506208,0.9531607751308364,0.9304079594890704,1.918111133921652,1.4927513338341876,1.5449853836387626,1.9991540742348155,-1.6070908896157636,1.3221121013857144,-1.1863115255212504,1.2785765780616896,0.8922924729765712,2.0438812900001726,1.8661346155556195,1.0653482069971554,-1.0351848530350585,1.0886214496011737,-1.1477955052645035
