Term,ug_root_dark,ug_root_light,ug_leaf_dark,ug_leaf_light,gcr_40cGy,gcr_80cGy
gehring_L1_tissue::Embryo,1.0735215044606985,-1.423961384423734,-1.0830541006740886,1.3812210323551661,-1.381000869818472,2.183421965455156
gehring_L1_tissue::Endosperm,0.7119997370785248,-1.6136426095427796,-0.941016273065539,-1.0095350725171341,-0.8237522999246571,1.28223572153528
gehring_L1_tissue::Funiculus,0.7545480413643745,0.8565022059569433,-1.0330772941970487,0.9772746932714459,-1.424484858362483,-1.472221337597361
gehring_L1_tissue::Ovule,1.5520001560760417,1.5887043199010105,0.6414975005658333,1.701404768001626,0.5756430033281607,-0.6607632920311837
gehring_L1_tissue::Seed coat,1.2400573946362128,-1.5321089663879919,-0.9797696439723775,-1.3609152666949353,-1.0527498115631457,-1.4709462164023692
gehring_L2_celltype::CPT,1.2960036043935745,-1.5881274600863513,-1.002203408773941,-1.0988866645948938,-0.9425125890554228,-0.7868204817228909
gehring_L2_celltype::CZE,1.417306466149384,-1.3495602676120695,-1.171775609272013,1.3221360724083924,-1.2902786350109987,2.152870622773522
gehring_L2_celltype::CZSC,-0.954247149814083,-1.419361431127745,-0.8685532603109474,1.294086484641927,-1.2339637765757667,-1.1602587698610194
gehring_L2_celltype::EMB,1.0735215044606985,-1.423961384423734,-1.0830541006740886,1.3812210323551661,-1.381000869818472,2.183421965455156
gehring_L2_celltype::FUN,0.7545480413643745,0.8565022059569433,-1.0330772941970487,0.9772746932714459,-1.424484858362483,-1.472221337597361
gehring_L2_celltype::MCE,1.2153014243709794,1.648346016508675,-1.57163048919772,0.9224944061895077,-0.8802370153909176,0.7947927541620378
gehring_L2_celltype::OVL,1.5520001560760417,1.5887043199010105,0.6414975005658333,1.701404768001626,0.5756430033281607,-0.6607632920311837
gehring_L2_celltype::PEN,-1.0451746051704254,-1.5841868863419475,-0.8343756260870634,-1.002760356204733,-0.7257611918275139,1.1774245105447887
gehring_L2_celltype::ii1,1.346170542590122,1.1266263874586242,-0.895299661422523,-1.5833425122451963,0.7522813500973292,0.9847083773184244
gehring_L2_celltype::ii1',-1.1050249124830638,-1.1619770219929442,-0.8045126260940411,-1.100533551381044,-1.2694300755416597,0.8841715878318712
gehring_L2_celltype::ii2,-0.7516878085361115,0.9948914602986282,-1.0618469107467983,0.8990063814396582,-0.6393850546394125,-0.7491854376618702
gehring_L2_celltype::oi1,0.9880804073653437,-1.1298467849221592,-0.8418118011329888,-1.2783317291494558,-0.7685959239088856,-0.875526517501944
gehring_L2_celltype::oi2,1.3622873552609904,-1.6074349539226538,-1.0623518744106972,-1.4189911670902817,-1.2452070110197855,-0.6549242915239821
gehring_L3_state::1. EMB up proto,-1.1876737751664448,-1.7523211759743245,-1.2641115277666883,0.5370316142288799,-0.8177398538714169,-0.9555107425837683
gehring_L3_state::1. EMB up proto I,-0.8113659066625023,-1.5920107575301243,-1.3257484099166408,0.7028344830278895,-1.360980837999683,-1.310791993947145
gehring_L3_state::1. EMB upp proto,1.1025609516421782,-1.8260071258567767,-0.9882457754543813,0.9602665984900491,-1.3092905339249836,2.249426190383426
gehring_L3_state::10. CZE cyst photo,1.2530543602871955,-1.2647125772438916,-1.3445194491114418,1.2595444153268414,-1.1733675742114273,2.062698451970717
gehring_L3_state::10. CZE nodule,0.9922591911155648,-1.6652914233872926,-1.5497409465187584,1.4415452435908334,-0.7102183940450466,-0.9110362066809471
gehring_L3_state::10. PEN,1.159320645297618,-1.2586562781367208,-0.9910210845551999,-1.1517589132774706,-1.0650725444287443,-0.8535437273975048
gehring_L3_state::11. CZE cyst disacc,1.2537809508512159,-0.9273199721154857,-1.2364560915192038,-0.8023790378946867,-0.8702943630588403,0.9200419853728966
gehring_L3_state::11. MCE,1.1140385879018517,1.0636613690920294,-1.0537166584373314,0.7094136012784679,-1.0188401694310996,-0.8061968669511326
gehring_L3_state::11. PEN g2/m-phase,-1.1376430605282595,1.0946047211499528,1.1747169869123968,-1.2697389048952266,-1.3187088816392256,-1.52431458062245
gehring_L3_state::12. FUN hil,0.781248977148849,-0.7580963157582457,-1.0386253046830916,1.0503451916747364,-1.5312101164902887,-1.5639158473822987
gehring_L3_state::12. MCE_ESR shea promo,1.3788757415453639,1.7952541521955299,-1.6165124590748954,0.8899983451180966,-0.8828345070272345,0.8658212227606988
gehring_L3_state::12. PEN gen I,-0.851228565107897,-1.2194455922004142,-0.5354838851176943,0.8039419256864957,-1.2890107384250242,-1.0761849263134522
gehring_L3_state::13. FUN epid,0.9491791568693904,-1.6239305148830527,1.5930943986945856,-1.544765794949606,0.5229732738391754,-0.9327682682412256
gehring_L3_state::13. MCE_ESR high pcd,1.0655961379797947,1.2647577529862608,-1.5385084104304556,1.1568957687872634,-0.7265474399086536,0.941254416706755
gehring_L3_state::13. PEN g2/m-phase,-1.8533641108802776,0.8316669630239111,-0.9242867919317025,-1.8149091107335047,-1.6140917905076315,-1.9279004254600098
gehring_L3_state::14. FUN cc,-1.0982704689316758,-1.6311301610607738,0.9470820297993018,1.3942158698101952,-1.7774542091199652,-0.9605161768554834
gehring_L3_state::14. MCE_ESR gen,1.2346691424836447,1.2254053348223257,-1.242020061113352,1.3807248297726875,-1.0334568267362765,1.0400614480925836
gehring_L3_state::14. PEN gen II,0.7808554287764334,-0.9423707725187357,-0.9445669157785007,-1.1700829203292844,-1.0197520672236515,1.3170552363581736
gehring_L3_state::15. OVL senes,1.5520001560760417,1.5887043199010105,0.6414975005658333,1.701404768001626,0.5756430033281607,-0.6607632920311837
gehring_L3_state::15. PEN,0.86339283484845,-1.1482086708390709,-0.7917166706041283,1.1784231858286487,-0.7350294411362271,1.1337507929010198
gehring_L3_state::15. PEN gen III,-0.7427324445139455,-0.6891755623580483,-1.1216272245556678,-1.1336047757307435,-0.9819918931402577,1.266052000288719
gehring_L3_state::16. CPT pers nuc,0.9698209192905742,1.0969545604386393,-1.3022890490601724,1.078692298051765,-0.724756071296273,1.0333881899531454
gehring_L3_state::16. PEN dehyd,1.0765978605759392,1.1026927958269166,-1.042735084315741,1.6653489117938822,1.1581938626882933,1.2836542386080567
gehring_L3_state::16. PEN s-phase,-1.203893941786563,-0.585495219725461,-0.558272174433963,-1.432623622830713,-0.8788349921075416,-0.7418902929478475
gehring_L3_state::17. CPT trans nuc,1.2162222739728517,-1.7232889114088914,-1.0484895131593752,-1.2868173433783263,-0.9756827531163725,-1.1438638211741312
gehring_L3_state::17. CZSC plac phos,-0.9272672378689997,0.8998438646112318,-1.037115495870055,1.386054040181206,-1.0479261896178667,-1.4518428162286308
gehring_L3_state::17. PEN gen IV,0.9896467752512171,0.9740555809070903,-1.0255233594635573,-1.2039239652879525,-0.8183838285981967,0.8774126383450256
gehring_L3_state::18. CZSC gen,0.9220581832221659,0.8230484112931421,-1.0433255650683453,1.2552041965526095,-1.3110207413031392,-1.0877818673790154
gehring_L3_state::18. CZSC plac call,-1.5582238436661267,-0.9106657711512718,-0.8028499826045941,1.2358453628216173,-1.2274248956590212,-1.018676850301982
gehring_L3_state::18. FUN epid,0.9186735024376529,-0.8007341703479107,-0.734200105963743,1.302829296287578,-0.9320089666239617,-1.025516607409788
gehring_L3_state::19. CPT pers nuc,0.7867965384335275,-1.2477547449910562,-1.112944900917561,1.347718239196708,-1.1210228194562915,-0.8606668904134646
gehring_L3_state::19. CZSC plac phos,-1.3228332978767152,-1.5742260342489813,-0.6945384851803684,1.2194115215289332,-1.4334564493767148,-1.569173120828077
gehring_L3_state::19. ii1 basal cont PS,1.0142420278858753,-1.1397111876032264,-1.0412763323661323,1.5786715017076403,1.0719188651356266,-1.0142300087603997
gehring_L3_state::2. EMB low proto,1.100902034043523,-1.698493531297924,-1.5045665794777408,0.8849957194439099,-1.5395210054158823,2.1859987272688373
gehring_L3_state::2. EMB up proto II,-0.5887201778074872,-1.6790296164938083,-0.8200584580584543,-0.7171449854826795,-0.9971153721024566,-1.3092191624421157
gehring_L3_state::20. CZSC plac call,-1.7631966059036996,-1.19741362295659,1.281590208875597,1.1478402659840141,-0.9849580428522813,-0.9619619888887326
gehring_L3_state::20. CZSC plac phos,-0.6987647757143319,-1.1315903840898178,-0.9805561807025343,1.5392382436880816,-1.2578521527485895,-0.9242859980010333
gehring_L3_state::20. ii1 endothel,0.814377569103123,-0.760572962720472,-1.0032021307537025,1.2400050705560333,0.9870548590388557,-1.0295460920135568
gehring_L3_state::21. CZSC plac call,-1.574329652187454,-1.0734683144702644,-0.6391495059697037,1.2498802701365501,-1.2214177058221938,-0.8685020755409487
gehring_L3_state::21. ii1 endothel,1.3596991007305415,-1.1713828396730708,-1.1777837191434013,-1.6042711806385765,0.8955956586208396,-0.9048211121706321
gehring_L3_state::21. ii1'/ii2,0.7187476899577452,1.3712172198413215,-1.3112935268240613,1.096949288691851,-1.1619793395224713,-1.5610373370017516
gehring_L3_state::22. ii1 basal cont PS,1.2796393185498174,-1.5535061471627654,-0.8190097111410927,-1.119406122069075,-0.9573779850205238,-1.1877651551981843
gehring_L3_state::22. ii1'/ii2  high sene,0.886484777366785,-0.9342187062949823,-1.3286919183124923,1.504357332128525,-1.3298513683720006,-1.442483313382046
gehring_L3_state::23. ii1 endothel,0.9710946728714915,-1.7238070713893014,-0.8906135726223505,-1.5904367911735837,-0.7502137514122692,0.9823575570494643
gehring_L3_state::23. ii1 endothel s-phase,1.0154043526254608,-1.2089700532412657,-1.2360963697385694,-1.509984013601396,0.7779611204894559,-0.9131709711719849
gehring_L3_state::23. oi1 flav synth,0.9979106408887154,0.9834833301635689,-1.275875771653893,1.4441349504413896,-1.0368968484644059,-1.1406443026059137
gehring_L3_state::24. ii1',-1.130528530807158,-1.1268916214912186,-0.867141278472573,-1.1374371987986531,-1.2392043515867344,0.9034165831198872
gehring_L3_state::24. oi1 flav synth polyester,1.011662091700302,0.9290433801113167,-1.3019304836124528,1.455321545263384,-1.3073580351831693,-1.4002695315228526
gehring_L3_state::25. ii2 gen,-0.7516878085361115,0.9948914602986282,-1.0618469107467983,0.8990063814396582,-0.6393850546394125,-0.7491854376618702
gehring_L3_state::25. oi2 gen,0.753563755236405,1.2117539860740378,-0.9760767026721062,-0.9614297922718598,-0.7785511131812795,0.8977202025588139
gehring_L3_state::26. oi1 flav synth,1.100746980888855,-1.290006150590548,-1.0198339803204832,-1.4317422870852818,-0.7855963889635199,-0.8680870207885711
gehring_L3_state::27. oi1 basal,1.1420025288694635,-1.054256330316351,-1.1083299193085456,-1.0879229192388264,0.7650687229464851,0.7561408881221349
gehring_L3_state::27. oi1 flav synth high PCD,1.3559293061474726,-1.054408353199922,-0.8872864055836838,-1.8571103820647195,-1.1525763157278506,-1.3627512507840933
gehring_L3_state::28. oi1 flav synth high PCD,1.2260335569267,-0.9743413268546554,-0.9941794926159914,-1.118572347143451,-0.6182541655110945,0.6876851394055203
gehring_L3_state::28. oi1 flav synth s-phase,1.17975552390095,-1.2601748674856252,-0.4259438330544328,-1.5786732929846368,-1.3292525034017857,-1.4652337129931363
gehring_L3_state::29. oi micr,0.8970268199842407,-0.8672925685088174,-1.1899740499504972,0.821472658345693,-1.0114433474519624,-1.4219745085754756
gehring_L3_state::3. EMB inn cotyl,0.8304244830363895,-1.486101392305783,-0.9108716447795113,1.275408653933969,-1.3642148851650822,2.239033333922742
gehring_L3_state::3. EMB low proto,1.0829562240962634,-1.3076353607973918,-0.93336487279689,-0.8194427375742246,-1.5811065501603767,-1.2763603444384175
gehring_L3_state::3. EMB sus,-1.1890756273152812,-0.853830877593808,-1.3127457852140703,0.7709351562627198,-1.1209896279353926,-1.5383689039565984
gehring_L3_state::30. oi1 flav synth g2m-phase,1.106783089044489,-1.068753005153658,-0.806046539102731,-1.7756875299952242,-1.3481114535195466,-1.4725973470654408
gehring_L3_state::30. oi1 flav synth s-phase,1.279004900183914,-0.9513336677742932,-0.487468753586293,-1.416337350886051,-0.6725906658666836,0.774034259250609
gehring_L3_state::31. oi2 LTP,0.9713441693781648,-1.5147412632458264,-1.0351324934218666,0.8442076052942876,-0.7684102354850062,-0.9470769064526217
gehring_L3_state::31. oi2 gen I,1.4415105825154206,-1.405795886455013,-1.1102340237442268,-1.418178249942168,-1.2395375286109866,-1.0576509237067182
gehring_L3_state::32. oi2 VLCFA synth,1.254980150591891,-1.5171275342082267,-1.3337087574932573,-1.3374900984810483,-1.1739595405958763,-1.198718238812365
gehring_L3_state::32. oi2 gen,1.063783512251688,-1.8145655910775609,-1.093110739967229,-1.151937910351583,-0.9475822925168258,0.8269882269559611
gehring_L3_state::33. oi2 VLCFA synth,0.8614883631016551,-1.4324386955407835,-0.9431598813341433,0.9857124987688382,0.7866097814163758,-0.8818026677396797
gehring_L3_state::33. oi2 gen II,1.220057585177362,-1.0260696427484899,-0.8744211237587748,-1.520280239938858,-1.366028676104808,-1.0741139709141472
gehring_L3_state::34. oi2 s-phase,1.1665157323193331,-1.3177328552089558,-1.155166986720799,-1.2626469817473063,-1.262881535686269,-1.1721675563682432
gehring_L3_state::4. EMB cort init,-1.2798026801220295,0.6525887919138472,-0.6015889414655082,0.6464192568081792,-1.2641219740096319,-0.5528707874468385
gehring_L3_state::4. EMB unknown I,-0.7624938982145588,0.6906538044700682,0.6329820335657448,-1.3597000462696203,-1.5380780585470055,-1.5530007722770414
gehring_L3_state::4. EMB vasc prim,1.0868815873250222,-1.0600874628191812,-1.3068322741189975,1.2402274628363057,-1.2477451741993302,2.453872564234598
gehring_L3_state::5. EMB gro tiss init,1.140560117916576,-1.5704718527874626,-1.1239167373043397,1.6732253830027355,-1.266991439443018,2.3109783488068376
gehring_L3_state::5. EMB unknown II,-1.3442938401231128,-0.9134443850235325,-0.8624460329742274,-1.3511095478535315,-1.7598426632627884,-1.9649761817271945
gehring_L3_state::5. EMB vasc hypoph,-1.4893337168635965,-0.8884804947374826,-0.7562418267314172,0.5487013675316064,-1.5086452859216262,-0.9989401999240314
gehring_L3_state::6. CZE nodule,1.0458446917373037,-1.4087201569748506,-1.5143479231334185,1.4912264345049115,0.9324283094590582,-0.8843063604805206
gehring_L3_state::6. EMB cort init,1.297684079306381,-1.3974104737728392,-1.2684191245091196,1.7048653859563774,-1.4979648576423092,2.278840434526817
gehring_L3_state::6. EMB unknown,-1.4907354593566717,-1.1296281213180994,-0.8564178920100411,0.6441355280770077,-1.2066136660942086,-1.2292344217388218
gehring_L3_state::7. CZE apical cyst,0.9454870398463437,-2.0115311286974693,-1.0757444905698275,1.1285279311189418,-1.0620028170104296,0.7734607363663266
gehring_L3_state::7. CZE basal cyst,1.4394885340463248,-1.0624176437086275,-0.9067085088591783,-1.577997876129358,0.7280188879416755,-0.8932896199972733
gehring_L3_state::7. EMB hypoph,1.1162726336452495,-1.4015425762355684,-1.4235567087627732,1.7458881125015464,-1.5223775839976976,2.3380340378187965
gehring_L3_state::8. CZE basal cyst,-1.2430635901575473,-1.7622266028780342,-1.1567381595334225,1.2497122699941012,0.9690308906795367,-1.0249570302638147
gehring_L3_state::8. CZE nod-like,-1.0491952281632162,1.048602785999902,-1.780643219094044,1.1472861961940914,1.0863770484222317,-1.1300909316370105
gehring_L3_state::8. EMB  s-phase,1.0547611791569078,-1.3244960518307334,1.0216247487175163,-1.0969859448235155,-1.1968229833637298,2.227989660580298
gehring_L3_state::9. CZE nod-like,1.1411300208250572,-0.9823075810217913,-1.4518672820470087,0.8114881871330392,-0.535609470408448,0.939510610121957
gehring_L3_state::9. EMB g2/m-phase,-1.6193586245808564,-1.2151978882504721,0.9393562159770276,-1.846892538385143,-1.9552953607494885,1.5496056245237675
gehring_L3_state::9. MCE,1.4210064960619764,1.3065947806859768,-0.8113971811985375,-1.4213686851855998,-0.9272051185341703,-1.0847965585125545
germ_cluster::1,-1.609499765387896,-1.1072421956950387,1.0560801367571784,-1.1855470009093652,1.9022250659561841,1.6676256713484603
germ_cluster::10,0.9336075113186738,-1.5833234893223531,-1.1953012015264364,-1.0079483492102552,-0.6455830302284931,0.8567173240685312
germ_cluster::11,1.4622544794436858,1.5079934882238353,-1.4583535863214794,1.8948509039234458,-1.8349239350080644,1.3796363803652556
germ_cluster::12,1.0246849353722531,-0.8260889548434408,-0.7505601090454794,1.3134150740295603,-1.012003920998839,0.7220307783208882
germ_cluster::13,0.6494223092162641,-2.08766506964233,1.878740971713746,-2.133248304395803,-0.42547394113090736,-1.4132511215874357
germ_cluster::14,1.7461135527269716,0.7795442518723228,-1.5346337646244108,1.3296736583778366,-1.4413389770946081,-1.3203897846167316
germ_cluster::15,-0.8646402425782416,-1.5198367868166887,1.060767427495333,1.3641210321612156,-1.920956625004389,-1.5321238662803776
germ_cluster::2,1.4501208051640757,-1.0984896832088071,-1.1789437868344983,-0.820786931043522,0.9052973683886327,-0.7773920156512817
germ_cluster::3,-1.9539961344922154,-1.9194973449949944,1.1090300632365637,-1.6761187992622053,1.159935580623409,1.1173407385468788
germ_cluster::4,0.6881301434867088,-1.6460744632040527,-0.7484531747059032,0.6303042553439802,-1.0912539182182242,-1.4325618082724487
germ_cluster::5,1.0264810252388932,0.7715718064518067,0.7473212163048145,0.8813776136359741,0.8404768450706719,-0.599145908063877
germ_cluster::6,1.2834586285866718,-1.1050784619751108,-1.0243569613824441,0.7246284155029838,1.7141144372304633,1.312023000013646
germ_cluster::7,0.8050433103689207,1.2197276310820604,1.981596861336915,-1.8469918863060633,0.5797151116759796,-1.2379837252643853
germ_cluster::8,1.5707257270937822,1.7190719042161784,-1.6139110653663356,2.1250865162941657,-1.3590996727782372,2.405269392873171
germ_cluster::9,-1.3550335191805163,-1.1542213973770499,-1.2578877241534585,0.7180140184093385,-1.2392372248023988,1.227987025970051
germ_state_time::12hsl,1.6514246281395228,1.9367803586981018,-1.3149569059573325,1.9233816923942242,-1.6546566141709027,2.077607228493
germ_state_time::24hsl,1.1662579585724777,1.6360259712753507,1.0141678383968318,1.591281961851157,1.4076188722851342,1.8837739511213571
germ_state_time::48hsl,1.3646037943572304,-1.444045336031484,-0.8641363533789673,0.9761450640986955,-0.6634606086156626,0.9292607344135518
germ_state_time::dry_seed,1.4906053984234147,1.6395983281636795,1.076777300193606,1.7765380353506208,0.9531607751308363,0.9304079594890705
