Term,ug_root_dark,ug_root_light,ug_leaf_dark,ug_leaf_light,gcr_40cGy,gcr_80cGy,rad_100Gy_co60_90m_a,rad_100Gy_co60_1440m_a,rad_100Gy_co60_180m,rad_100Gy_co60_90m_b,rad_100Gy_co60_1440m_b,rad_100Gy_co60_90m_c,rad_100Gy_co60_1440m_c,rad_10cGy_cs137_24h,rad_100cGy_cs137_24h,hypoxia_1pct,anoxia_0pct,submergence,gravitropism_12h,gravitropism_24h
gehring_L1_tissue::Embryo,0.6279535810833933,0.1429168380138758,0.8713220498144256,0.2225448210786093,0.3375123721544045,0.0,0.0008780659134812,0.9071660482374768,0.6934814590026586,0.013712912051425,0.5436538806773981,0.4463452504573999,0.2697839073678,0.6200630715862504,0.5862856453433759,0.631648186431122,0.7367527173913044,0.1081992251527343,0.757444509230935,0.5066585440146207
gehring_L1_tissue::Endosperm,0.9201094260897474,0.0527643003064351,0.8454459747499591,0.4910815082411379,0.9319834286215436,0.2948635289060821,0.9514871696510528,0.4021631502780105,0.4169956693392699,0.233243872737376,0.8190176920090234,0.0189495817289397,0.330892043468641,0.6635073535735787,0.9371473306424556,0.4474513980245985,0.4672619047619047,0.1206447710957427,0.20310792764355956,0.40377199155524285
gehring_L1_tissue::Funiculus,0.8969779720352364,0.8262529832935561,0.7982258256017097,0.7077493768792993,0.2597877488177719,0.2418300653594771,1.0,1.0,0.9742647909216656,0.9918285836761276,0.2497633844992727,0.5095598845598845,1.0,0.6101478862719714,0.8305458686214504,0.0202593497462882,0.4525462962962963,1.0,0.30551171543037514,0.26274323682961553
gehring_L1_tissue::Ovule,0.1892997382198953,0.1200660914264732,1.0,0.0236969022444815,1.0,0.9803499786598378,0.92802979912199,0.7315438121469586,0.968106949103336,0.1457997692523568,0.7917225893409247,0.050730408575957,0.9610113500398038,0.6010541965130423,0.8409954396894828,0.013230595752678,0.1354166666666666,0.6588025451642103,0.19437607679054886,0.0513543599257885
gehring_L1_tissue::Seed coat,0.5342690413861879,0.075663213191303,0.801528456931223,0.1538765271519487,0.6775589028316591,0.2252570958453311,1.0,0.8761167404024547,0.6230822773732135,0.0592635630764761,0.0503951795915173,0.040336188992731,0.9950046330808944,0.92639545884579,0.9079705883454632,0.1087485086911216,0.9887267904509284,0.7453431966261079,0.7464015526333733,0.07078651685393259
gehring_L2_celltype::CPT,0.4974029751516662,0.0577964318354619,0.8093130021314969,0.3554547777210015,0.7737682832948422,0.924587789661319,0.3355224942475425,0.7725978340596281,0.5363044113056699,0.8708943468875795,0.166411889827604,0.1015309975590349,1.0,0.6574834437086093,0.8837844676930863,0.3711780554434253,0.9929413377192984,0.1681567575622112,0.7174431278787665,0.45303370786516856
gehring_L2_celltype::CZE,0.3311811988186334,0.1977516865157314,0.7402346575619918,0.27855950393513,0.3890578604420983,0.0,0.0183360823109317,0.8125063248439872,1.0,0.0295656411482373,0.7637992938782837,0.2700562457413399,0.3824979956177185,0.6630141628658976,0.3835163793453678,0.7446451314113697,1.0,0.0771867083892117,0.5602464489498604,0.7663962800309997
gehring_L2_celltype::CZSC,0.7345679012345678,0.1435674371893803,0.8940172341549616,0.2987775324465507,0.3917024084460574,0.5936679891898108,0.984080528579664,0.9504318341756766,1.0,0.8951571904160585,0.6687332188663155,0.4600650913051187,1.0,0.6468021204066615,0.7957498456395332,0.0381651800558021,0.2828125,1.0,0.18611042743457215,0.03972789115646259
gehring_L2_celltype::EMB,0.6279535810833933,0.1429168380138758,0.8713220498144256,0.2225448210786093,0.3375123721544045,0.0,0.0008780659134812,0.9071660482374768,0.6934814590026586,0.013712912051425,0.5436538806773981,0.4463452504573999,0.2697839073678,0.6200630715862504,0.5862856453433759,0.631648186431122,0.7367527173913044,0.1081992251527343,0.757444509230935,0.5066585440146207
gehring_L2_celltype::FUN,0.8969779720352364,0.8262529832935561,0.7982258256017097,0.7077493768792993,0.2597877488177719,0.2418300653594771,1.0,1.0,0.9742647909216656,0.9918285836761276,0.2497633844992727,0.5095598845598845,1.0,0.6101478862719714,0.8305458686214504,0.0202593497462882,0.4525462962962963,1.0,0.30551171543037514,0.26274323682961553
gehring_L2_celltype::MCE,0.5114181738854513,0.2032311364053607,0.0865100836202656,0.7886877158579997,0.858607980690757,0.8905931656995486,0.6080606450857577,0.710134508348794,0.6674554232993929,0.1154823093473583,0.2734326691001935,0.5050346964677183,0.9870410288923104,0.6372354727879301,0.8894384741299551,0.0223955396855227,0.5973419540229885,0.1612650871703174,0.91723625106228,0.0
gehring_L2_celltype::OVL,0.1892997382198953,0.1200660914264732,1.0,0.0236969022444815,1.0,0.9803499786598378,0.92802979912199,0.7315438121469586,0.968106949103336,0.1457997692523568,0.7917225893409247,0.050730408575957,0.9610113500398038,0.6010541965130423,0.8409954396894828,0.013230595752678,0.1354166666666666,0.6588025451642103,0.19437607679054886,0.0513543599257885
gehring_L2_celltype::PEN,0.5295685490588039,0.05681088574347,0.8929134793154333,0.4825980809629251,0.9727794068038508,0.4355555555555555,1.0,0.1556005788712011,0.0587717620049741,0.0286838091670457,0.903857073517776,0.0015239174117678,0.296513649342029,0.6484567171239357,0.8132462512933654,0.5586565102546911,0.6868146929824561,0.3379914870459272,0.6088640420971347,0.173798551678736
gehring_L2_celltype::ii1,0.3987812299072288,0.5398114450480027,0.8852568975539955,0.0708993357179356,1.0,0.7785941686367218,0.9974705105891452,1.0,0.7205021075433388,0.2116981476412081,0.00244682477942,0.0020953864411808,0.927721831734992,0.6683485756333438,0.80141728600913,0.519390279209862,0.6682787698412699,0.2239555233558902,0.45028743715059244,0.3759550561797753
gehring_L2_celltype::ii1',0.4705938697318008,0.3792981451450817,0.8894089907825232,0.3616210054636217,0.4153259456207425,0.8156270837121902,0.4313777659527293,0.7958331755707849,0.9772387371699004,0.9957566339947406,0.7355763136597209,0.2064343679089265,1.0,0.9743977876428208,0.9486545765102452,0.2495441125390761,0.7408144218489046,0.986712934893381,0.47289179793256214,0.5038982549541556
gehring_L2_celltype::ii2,0.997672310798006,0.659537360014687,0.8694048204623709,0.8123615890429627,0.980895331573738,0.9356362572165908,1.0,0.7787437052743176,0.8598642382523065,0.8123368920521945,0.4370501823917972,0.6523357068684171,1.0,0.6611383050196755,0.9978649206462172,0.6615297876339034,0.5715579710144928,0.7577383765544088,0.10750676839773567,0.6529717163889965
gehring_L2_celltype::oi1,0.6792341568499128,0.4002261783160659,0.8898437410631556,0.2034482106020174,0.9675613894518544,0.8442977441760403,1.0,0.8673251118629269,0.6275856598244575,0.0443684429449554,0.0035034082068969,0.0383928870513133,0.9328347587563238,0.6773347749695904,0.9900061112982376,0.7229977903083962,0.8366228070175439,0.6384443451050513,0.46987765277524157,0.662247191011236
gehring_L2_celltype::oi2,0.4256210460296684,0.0530210041115526,0.905296306593383,0.1203506978995777,0.4054231276806334,0.9706912259853436,0.9989503303372174,0.5747033285094066,0.0998660799693896,0.043769821095698,0.1443477423224953,0.000931282862747,1.0,0.6686613055818355,0.8386117239579627,0.295813497333633,0.5166802693327892,0.3452573718107915,0.003399295860143256,0.13534130893736807
gehring_L3_state::1. EMB up proto,0.3649425287356322,0.0253903399970815,0.5765961633054599,0.9956475077510136,0.9181788188716596,0.8176054664289959,0.9942047649710238,0.7750870986761002,0.0575293442420013,0.0534981033201673,0.0,0.0108467062837596,0.847121469134892,0.0436249285305889,0.3526400606692577,0.0,0.4103448275862069,0.9077095647278928,0.02157245449706297,0.7736326530612245
gehring_L3_state::1. EMB up proto I,0.9962027914614122,0.0578335522155746,0.578132685686178,0.9800788428894096,0.3346721558389396,0.3709462915601023,0.947298033582644,0.3738221579031998,0.1839487277597092,0.1542876822408449,0.0,0.043633341186942,0.3355763699387861,0.8832547169811321,0.1418143899895724,0.0,0.5703359858532272,0.3187233468860648,0.007648415685322326,0.26448979591836735
gehring_L3_state::1. EMB upp proto,0.6466637910518801,0.0238034437472639,0.8060188704556633,0.7156975462248402,0.3707192345760475,0.0,0.0,0.8309987631416202,0.6291413313813727,0.0387879512311737,0.8387346657089336,0.30758942552445,0.1044324802714064,0.8270622156147227,0.9109384936441214,0.2127243255760102,0.8026729559748428,0.3133896430840176,0.007648415685322326,0.212436974789916
gehring_L3_state::10. CZE cyst photo,0.5112710878417684,0.2795822665587731,0.6034848083544591,0.3397581828299691,0.4758924447377103,0.0,0.056586469979902,0.7677805114140517,0.7826104771465449,0.1473648298669216,0.5141827500752759,0.1671378831906594,0.3266623118013338,0.6342163355408388,0.8720828669586765,0.7507917373270948,1.0,0.106591168727959,0.31358504309821533,0.7977664283282261
gehring_L3_state::10. CZE nodule,0.6919069836176321,0.0439041295782868,0.1084604033448106,0.1724961401835139,0.9704826681072144,0.8417179564793328,0.5449862436340221,0.8354137291280148,0.8649433529327405,0.7397038608654076,0.4043055997362804,1.0,1.0,0.6796386775702752,0.9021630562556598,0.8701183987972186,1.0,0.0630095578687442,0.32181302382216925,0.40631292517006806
gehring_L3_state::10. PEN,0.5964975119098156,0.2773618662724672,0.811983048923531,0.3236872163275121,0.6698726257246548,0.8328882755448221,1.0,0.7975900587507729,1.0,0.054661921708185,0.508801426914086,0.2586515614061113,1.0,0.5855912961210974,0.8753825350508859,0.1703182194672295,0.5291777188328913,1.0,0.23619036056816803,0.8517334644701253
gehring_L3_state::11. CZE cyst disacc,0.5279483823331991,0.6550540677536538,0.625860796851943,0.8429968819413305,0.8548778011826511,0.7965878644602048,0.8749299637902341,0.8896495312401685,0.6720365855601766,0.532562978125747,0.6028541851523218,0.1349778099193987,0.645379992408966,0.6481092039464792,0.8155506601367444,0.9230056732661804,0.9123823924731184,0.2929944440896609,0.26629645149541603,0.216569222283508
gehring_L3_state::11. MCE,0.6483342682622788,0.57232028115083,0.877907385285644,0.9867164891023062,0.7040580666446717,0.906768525592055,0.3320473593188772,0.8039792719595675,0.6177392532854556,0.7512436961397038,0.3832728578345238,0.130181455494639,0.799703069034846,0.620140370948934,0.9612940614292832,0.7360380254338157,0.960900821596244,0.7343124742203477,0.7434851228022022,0.03817896389324961
gehring_L3_state::11. PEN g2/m-phase,0.4465907478359586,0.5252616118964567,0.6862763466042154,0.2043944813490035,0.3730911533204505,0.2192592592592592,0.0015963815351869,0.0064833574529667,0.0,0.0,0.5506944570197201,0.0,0.1585135861262419,0.8496499526963102,0.4022371788795146,0.0497501803510834,0.9989068930041152,0.709274501038681,0.804828022466023,0.21532879818594103
gehring_L3_state::12. FUN hil,0.8899904121690044,0.8752946326640972,0.8422418975788382,0.5834153152078861,0.1484658528538436,0.3416399286987522,0.9871763991236614,0.7852071737786024,0.8152875376452029,0.8325696602650943,0.3981890928750214,0.8496119188479645,1.0,0.6449385052034059,0.8712052058804419,0.0196391655703815,0.4917763157894737,1.0,0.41833036712911903,0.4098789346246974
gehring_L3_state::12. MCE_ESR shea promo,0.4195104088755921,0.1404442812557371,0.0671421544515494,0.8162831954678014,0.8644671725503134,0.815960329816064,0.8758196983537285,0.691956003180493,0.9095349921124336,0.1620631125986134,0.1538938980451533,0.5194609177438997,1.0,0.6388548393731233,0.847092733613266,0.0622940550021925,0.7282801418439716,0.3144091789599165,0.9038045519903622,0.026122448979591838
gehring_L3_state::12. PEN gen I,0.9364031975781656,0.3201563184007004,1.0,0.897097013541087,0.3800725833058396,0.7011764705882353,0.5791672209658109,0.0046309696092619,0.0,0.0155905778681579,0.8194457019720044,0.0,0.0101531578041645,0.9708691538809592,0.3599443199904206,0.2659804014441041,0.7360026041666666,1.0,0.6005239928411142,0.3022740524781341
gehring_L3_state::13. FUN epid,0.7187965172980187,0.0516270246607325,0.0800936768149882,0.0717346016272945,0.9959463673214842,0.8396691622103387,1.0,0.8551506380739377,1.0,0.9386558263037464,0.0773895723090864,0.105607476635514,0.9391940064886356,0.5871625063678044,0.8944457435668025,0.4524588110004385,0.6694444444444445,1.0,0.0476901213320098,0.22823652537938255
gehring_L3_state::13. MCE_ESR high pcd,0.6367863975030206,0.3797715044272782,0.1144859813084112,0.4318294095601512,0.9828439458924448,0.8402689125295509,0.5324646578469824,0.793037914466486,0.6719796767122165,0.4700394453741334,0.691399416909621,0.6085351456262672,0.666345082452465,0.731680857773573,0.987925274227387,0.0206728058635594,0.6244791666666667,1.0,0.21170727705308062,0.0
gehring_L3_state::13. PEN g2/m-phase,0.0108556832694763,0.8542849867047264,0.8591683173581846,0.0217169136433316,0.0847669321770278,0.0026381461675579,0.0,0.0046309696092619,0.0,0.0,0.791866457441833,0.0,0.0304594734124935,0.6516934720908231,0.1118047749955987,0.0021998379066805,0.9749710648148148,0.4043113296577757,0.22680857377955835,0.2813721233174121
gehring_L3_state::14. FUN cc,0.4608496016541993,0.0525942757082404,0.8307962529274004,0.2339464583830193,0.0108874958759485,0.8217544658095348,0.9899380150507,0.9931185697419465,0.9982790764376882,0.4298118962887646,0.7722132545151417,0.7477478061363371,0.9177034359535944,0.9593148010225648,0.9961382912557668,0.6227285212438379,1.0,1.0,0.3560337501517543,0.1816326530612245
gehring_L3_state::14. MCE_ESR gen,0.5283990040320153,0.4354952922972016,0.6264688200251408,0.2139975355751649,0.6926053728953817,0.6915602836879433,0.9529703118149444,0.8863813057690608,0.8922510636263685,0.5910880775929784,0.5271577603574492,0.4503469012814808,0.811980664749121,0.6762686849574266,0.789149052261998,0.0117145899893503,0.2939814814814814,0.3259592005844063,0.9198242797854307,0.016326530612244896
gehring_L3_state::14. PEN gen II,0.8795512227046354,0.6417923103316362,0.86096901131333,0.315174693408278,0.7130431774885324,0.2919148936170213,0.3639269616410633,0.9828268210323202,0.8305897335591033,0.7512397911813599,0.6832993468143969,0.5929497801639381,0.6566192197064681,0.8301284608633208,0.9309031719571154,0.7516374733290329,0.6587239583333334,0.643658653008342,0.35114726235279836,0.3536388140161725
gehring_L3_state::15. OVL senes,0.1892997382198953,0.1200660914264732,1.0,0.0236969022444815,1.0,0.9803499786598378,0.92802979912199,0.7315438121469586,0.968106949103336,0.1457997692523568,0.7917225893409247,0.050730408575957,0.9610113500398038,0.6010541965130423,0.8409954396894828,0.013230595752678,0.1354166666666666,0.6588025451642103,0.19437607679054886,0.0513543599257885
gehring_L3_state::15. PEN,0.8127915939499709,0.3904341827733043,0.8871885171269792,0.4037201956803731,0.9821272141890124,0.509692671394799,0.934262131944038,0.7846524917436639,0.7591782589989962,0.933836806526925,0.6411951999888089,0.4100794523416843,0.7765187832301926,0.653978403418915,0.8515296953953455,0.0637208839559127,0.3617788461538462,0.048517359558933,0.14601520853797167,0.2690612244897959
gehring_L3_state::15. PEN gen III,0.9761633939974458,0.9440925549496232,0.8497424081600953,0.33356043831261,0.7308231606730453,0.3060170623907904,0.952427120529181,0.3492295905337533,0.6838478529314573,0.7196477731628474,0.5202972034686242,0.0496445402987459,0.1653514270963935,0.6147377273205088,0.9303608284107892,0.6272129299003947,0.5558894230769231,0.5609309204898536,0.5193506020506141,0.44520408163265307
gehring_L3_state::16. CPT pers nuc,0.6874340665781042,0.5471674412762215,0.5248401377274963,0.5338748471363112,0.9635433850214452,0.6822531996413141,0.1307856071132581,0.8564206464061747,1.0,0.5349104238657192,0.3765051629332641,0.8550700597429569,1.0,0.6656575212866604,0.7748558821436197,0.7563042723167767,0.8404274425287357,0.1606058839154406,0.5925145529781907,0.49204494382022473
gehring_L3_state::16. PEN dehyd,0.6457587616198311,0.5650816963466128,0.8617238639373416,0.0296760835158164,1.0,0.3073601260835303,0.5425023454643545,0.8321852387843706,0.7517632947863838,0.5970993704677663,0.5258424355919138,0.4044408575723961,0.6447813071457883,0.6962812022414672,0.8298716330360453,0.0607263672242059,0.3058035714285714,0.5756683571490965,0.6337827789243657,0.4122850451656072
gehring_L3_state::16. PEN s-phase,0.3821200510855683,0.98540785057639,1.0,0.1285449667858967,0.8499316585756704,0.9303344867358708,0.6655097136934022,0.9438512969510272,0.3118970182295225,0.7460015276700698,0.2538320408139879,0.4361896108391435,0.438959251039788,1.0,0.5500679369292508,0.6694006757396823,0.6885901162790697,0.6382816564925214,0.8593333876319109,0.24402190144350425
gehring_L3_state::17. CPT trans nuc,0.5252764370636999,0.0303273505520696,0.8770831283817019,0.1989898195825635,0.7331702838781862,0.6176559714795008,1.0,0.9471500721500722,0.6167523829887799,0.2138442190886469,0.0597724338972618,0.0059868184033738,1.0,0.6154038014965167,0.8415771119493275,0.3400582764077033,0.8165798611111112,0.0110266726270302,0.15769487711402552,0.49319233311302046
gehring_L3_state::17. CZSC plac phos,0.7844316730523626,0.7834194445172966,0.8312480436435182,0.2352418429809319,0.6784386201343183,0.2275840760546643,1.0,0.8937569573283859,0.7374718635232792,0.8707358459187808,0.7110123552526602,0.8450260838280266,1.0,0.9252866299539588,0.8802754252366379,0.7549864722548252,0.670138888888889,1.0,0.4123492493231602,0.0642612244897959
gehring_L3_state::17. PEN gen IV,0.6867797584420622,0.6609142647328805,0.8033423095200379,0.2761454607392267,0.9285673045199604,0.8123806146572105,0.2952057601123924,0.8139211464473544,0.6241933170801663,0.3162225504593422,0.5431448238097619,0.4448584986263917,1.0,0.7360045002429109,0.8705300819741073,0.4492414570763857,0.2788825757575757,0.583059496453845,0.6002306665047954,0.3503924646781789
gehring_L3_state::18. CZSC gen,0.7450301723078436,0.8439049017807968,0.8767975463672927,0.3360380045173328,0.3780589085200059,0.7107919531448943,1.0,0.0684137291280148,0.8161349621266443,0.9351023234204936,0.2500149602058524,0.4412367174497503,1.0,0.6382371491643015,0.8924999815941435,0.1105451092493496,0.6969313063063063,1.0,0.7280986231558831,0.026122448979591838
gehring_L3_state::18. CZSC plac call,0.0666849115124977,0.6736578028712861,0.8820668644780477,0.3226424382517872,0.3982404047069174,0.7390490403349501,1.0,0.8110540039111468,0.9515870739519098,0.9437710058921966,0.8212695406688796,0.9832703723691312,1.0,0.9642343414614296,0.8523620786394509,0.2286067781745285,0.550925925925926,1.0,0.21057408318976126,0.6400359550561797
gehring_L3_state::18. FUN epid,0.741289145821214,0.8320689733983359,0.9281849483521888,0.2943735591064472,0.7838997030682944,0.7583705056301899,0.9941657398193136,0.8539085914085914,0.9412679676554624,0.9526555900868596,0.515839085493034,0.1275452616370942,0.9421106594418872,0.6357271867205642,0.8575902071026972,0.0,0.0052083333333333,1.0,0.5997968090068561,0.07886970172684458
gehring_L3_state::19. CPT pers nuc,0.8926817462914486,0.28631659996709,0.8621211547920845,0.251272725604946,0.5702582745591156,0.8320107536308115,0.1528252816082822,0.9330192364026952,0.7905492614369711,0.4421096886412161,0.0550535575369517,1.0,1.0,0.6411511581774347,0.841873650748464,0.7302086951487785,1.0,0.2144075233033659,0.41223852077845985,0.8544748631159782
gehring_L3_state::19. CZSC plac phos,0.248323754789272,0.0562626852208057,0.9641968131884512,0.3398208323396137,0.2708264599142197,0.4449673202614378,1.0,1.0,0.4302546731338413,0.3442330365931487,0.2457590808449524,0.0510076927967448,1.0,0.6824660990223904,0.8703892043041364,0.1558729562112384,0.853219696969697,0.6768276674400948,0.8070608231152118,0.04163265306122449
gehring_L3_state::19. ii1 basal cont PS,0.6758354408850239,0.39638401325801,0.8496552172177932,0.0693050688877066,1.0,0.7319656457624372,1.0,0.8573447560842518,1.0,0.7130008781254332,0.1778108759031563,0.8646583833499721,1.0,0.8724604519152493,0.9558650185040212,0.8743580184915323,0.7842116013071895,0.6672859856951273,0.3810730986955452,0.1591292517006803
gehring_L3_state::2. EMB low proto,0.6361765561372892,0.0374507514956953,0.1302672569273651,0.812640320073686,0.1657318816672165,0.0,0.0,0.84658880080958,0.3692489986854854,0.1010146109603296,0.5197902809296502,0.491178778308606,0.2246386164171399,0.6058590184069446,0.7552058646949158,0.7123515109412991,1.0,0.2319539349043148,0.11090202743717373,0.3612396069538927
gehring_L3_state::2. EMB up proto II,0.9952107279693486,0.0421248822678853,0.9037193131511873,0.9391926417986716,0.7190696139887826,0.3596672608437314,1.0,0.0451519536903039,0.0158408264779031,0.0200226819443901,0.0,0.0387285218094112,0.0239324433955306,0.0451457975986277,0.12058014977723,0.0018855753485833,0.7173408488063661,0.9808217340264966,0.01715099274890461,0.0374421768707483
gehring_L3_state::20. CZSC plac call,0.0217113665389527,0.3343061432949074,0.4679156908665106,0.4399053793975562,0.734255971872738,0.835718825079439,1.0,0.8132791220937117,0.7135751182049249,0.2325194985554329,0.9054763766583136,0.2906999456064876,1.0,0.8698509038131679,0.1109109868233955,0.6346047185335602,0.6495172764227641,1.0,0.414930749781845,0.31281632653061225
gehring_L3_state::20. CZSC plac phos,0.9811234954913116,0.4035727725851913,0.8119498425237317,0.0997964294231883,0.3986829081942732,0.8424480095068331,1.0,0.9365963906223648,0.8928725082460921,0.810476307347089,0.6893504518045017,0.4657449072471571,1.0,1.0,0.8874417795491029,0.2082315354256718,0.4986979166666667,1.0,0.2174132414472065,0.05139307897071872
gehring_L3_state::20. ii1 endothel,0.8683394303485926,0.8815586500177189,0.8190343208035161,0.3250624474374584,1.0,0.769283422459893,1.0,0.8348185296846011,1.0,0.6874139858242178,0.8899908062734943,0.5236987006640663,1.0,0.7644228351077207,0.8896875667212297,0.3517684645743281,0.50625,0.9539489243497292,0.1342721864756586,0.10285714285714287
gehring_L3_state::21. CZSC plac call,0.0669433801617709,0.466249954399533,1.0,0.334893189329154,0.4023639780241849,0.8444750596694766,0.9892480433369036,0.821551152928704,1.0,0.7209324220000376,0.706659061139984,0.7139251308308401,1.0,1.0,0.5584488504196533,0.4383968572485162,0.5600818452380952,0.9528201688188273,0.21625573685048716,0.4974317111459969
gehring_L3_state::21. ii1 endothel,0.4074369931218561,0.3714557913996116,0.7373116308187632,0.071857434849259,1.0,0.8398098633392751,0.9747329881381278,0.7391271231624648,0.6249797648305397,0.3186490130633717,0.0039323969669251,0.020255402264748,1.0,0.6553390097760959,1.0,0.8515770305037296,0.7105216622458002,0.3819451709958563,0.2276874515553646,0.5312134831460674
gehring_L3_state::21. ii1'/ii2,0.9235840537359472,0.2727773419897524,0.5433893390633495,0.5080115409740873,0.4907912356628564,0.280698752228164,0.8567129469488539,0.8332792207792207,0.78926881235787,0.5401274064490725,0.7271187729750286,0.7872327323923162,1.0,0.6092921647888535,0.9973341161957632,0.8539682225673185,0.7032696759259259,1.0,0.7682178961771047,0.05587301587301587
gehring_L3_state::22. ii1 basal cont PS,0.5079648493815919,0.0634758499927039,0.8954801947639234,0.3464693615434546,0.7625913182825093,0.5607425164423137,1.0,1.0,0.6684522670748039,0.1884426368412133,0.0732900484710669,0.0110283496904254,0.8324405357688469,0.6340018921475875,0.800290823687735,0.5655644467304325,0.7086588541666667,0.3001705326247123,0.2166133398966281,0.4373033707865168
gehring_L3_state::22. ii1'/ii2  high sene,0.7815993349370313,0.6499080694586313,0.6035907525823906,0.1276731059702679,0.3739436083546938,0.2291889483065953,0.1331838309355936,1.0,0.9865059873798938,0.2340839294580628,0.6365205395752561,0.3082245861866001,1.0,0.5922421948912016,0.935216608209309,0.7547959463952698,0.9181997090784632,0.3282555620508236,0.34879203593541336,0.0
gehring_L3_state::23. ii1 endothel,0.6954963575546036,0.0341182693710783,0.8835748609482008,0.0709703060239595,0.9729749948209586,0.7596064973690231,1.0,0.9932012168108922,0.8199036471468077,0.1603965429588205,0.0369959906648315,0.0160011328235627,0.8035499176438775,0.7840586565752129,0.8743817166038004,0.564572685621661,0.7940625,0.2226539665073415,0.6996050818044833,0.3444943820224719
gehring_L3_state::23. ii1 endothel s-phase,0.6839729268219293,0.3234729315628192,0.6051698695659548,0.0834610798841764,1.0,0.8528314822432469,1.0,0.9788943560057888,0.2767680632612716,0.4115248539680233,0.0,0.0089403154823715,1.0,0.6427076021607105,0.8692823083257927,0.4398575894407781,0.7035072207486002,0.5057705878549158,0.3270033162303598,0.6033610161211529
gehring_L3_state::23. oi1 flav synth,0.6902796254970961,0.6621039104093996,0.5838448213178211,0.1799030129581047,0.6951666116793137,0.605974180305731,1.0,1.0,0.7475261723791768,0.3210303338417217,0.349072548273968,0.5300416658604387,0.7755528379845533,0.7593770467942654,0.7994055091104291,0.4642521545359357,0.5844184027777778,0.9034106291751404,0.40711511091611463,0.049171668667466986
gehring_L3_state::24. ii1',0.4367984136586677,0.3909054428717349,0.8865157822753831,0.3357909336447916,0.3899242709060636,0.8126279470960324,0.7534920846082215,0.8214025974025975,1.0,0.9631418403660396,0.7069003475859125,0.257371258740901,1.0,0.9357347055460262,0.9840485141016148,0.1016325112886419,0.7018887770968627,0.76181592039801,0.4250356879153334,0.6362051847766134
gehring_L3_state::24. oi1 flav synth polyester,0.6703961242001164,0.7415702833363932,0.5035661583866208,0.1751238057827471,0.3635018784389268,0.2403351158645276,1.0,0.9163407950241708,0.6647067259429227,0.9503753287114513,0.3591583217137787,0.6277606725823396,0.6937300475171999,0.6531693472090824,0.6618745996726211,0.2090906650200016,0.7216061827956989,1.0,0.6163605038820398,0.04096474953617811
gehring_L3_state::25. ii2 gen,0.997672310798006,0.659537360014687,0.8694048204623709,0.8123615890429627,0.980895331573738,0.9356362572165908,1.0,0.7787437052743176,0.8598642382523065,0.8123368920521945,0.4370501823917972,0.6523357068684171,1.0,0.6611383050196755,0.9978649206462172,0.6615297876339034,0.5715579710144928,0.7577383765544088,0.10750676839773567,0.6529717163889965
gehring_L3_state::25. oi2 gen,0.8873389539061698,0.4019184872406829,0.7992685900040634,0.556947190686721,0.9613134159866124,0.8045340301107379,1.0,0.7769063079777365,0.8457433559519048,0.3672258939162853,0.4562104801228732,0.4934136167447249,0.9422334933429942,0.9013150371640938,0.8585482555306766,0.4943196740060488,0.8934659090909092,1.0,0.6518803522567029,0.584119850187266
gehring_L3_state::26. oi1 flav synth,0.6230852587449731,0.249917707064297,0.791312201140203,0.1209834981514322,0.9626139646417908,0.8316316102198454,1.0,0.8437399006523431,0.621110666643477,0.0313167259786476,0.0020645084076356,0.0335261830588933,1.0,0.7730684326710817,0.9215177655788142,0.9113373062303348,0.8937499999999999,0.499381039166466,0.4619875844340526,0.6558340535868625
gehring_L3_state::27. oi1 basal,0.6290831381464131,0.4668694763956122,0.8383321536117476,0.3570820254519795,1.0,0.8890538705296515,1.0,0.8491121123774185,0.6317110174807907,0.192897087660687,0.0638621267428639,0.0652563205967745,1.0,0.6754966887417219,1.0,0.7096041949950438,0.9206349206349206,0.9986351016453312,0.4836204774796948,0.7856034795215658
gehring_L3_state::27. oi1 flav synth high PCD,0.3931609947643979,0.4734551634749916,0.8789934436232543,0.0415176290240163,0.5035466842626195,0.2937136066547832,0.6140684644937873,0.9304267161410018,0.6413402935308425,0.7654209136548367,0.0244988331039435,0.4415067769023278,1.0,0.6738287956831003,0.9889365842435044,0.0419362633232206,0.0434027777777777,0.7176477164738108,0.45077528919517595,0.00943820224719101
gehring_L3_state::28. oi1 flav synth high PCD,0.5350549011052939,0.5983480470840021,0.8184564067879979,0.3393687975687814,0.9827929266990242,0.9252009456264776,1.0,0.7930231422712626,0.6379213878591204,0.1206107673158845,0.0902266637411153,0.0660302263903813,0.9550213063945692,0.661711042032707,0.9111764148260498,0.8110505544070663,0.8035348360655737,1.0,0.43823571846860226,0.6051889683350358
gehring_L3_state::28. oi1 flav synth s-phase,0.5903125320808952,0.2811274867454642,0.9994589276930644,0.0661959399823477,0.361505187140291,0.2208505220269926,1.0,0.7199173041141202,0.0122441170843696,0.1857678726006128,0.0029644223289127,0.0411457701177327,0.3452073653415935,0.7383060299756012,0.2338099856348031,0.7206938350192457,0.9896501068376068,0.9014682498372126,0.3846383741781232,0.5045858343337335
gehring_L3_state::29. oi micr,0.7716274893016806,0.7411598934773092,0.733065706170763,0.8931171390256204,0.698558485394513,0.2336224995048524,1.0,0.7597876726448155,0.7941936101013967,0.2343428474592684,0.1397513383630312,0.0147674853949887,1.0,0.6433301797540208,0.9504387861800144,0.732976425993325,0.7700892857142856,0.2368956119226498,0.5022940665794701,0.9495206454674893
gehring_L3_state::3. EMB inn cotyl,0.8508717504136353,0.0980592441266598,0.8755336940482047,0.3222204418077748,0.3422137908281095,0.0,0.0007982417395283,0.9436533704390846,0.6166902621006314,0.0271515658618216,0.718120167321587,0.4309815126556289,0.3446271848956413,0.60353901678405,0.882027424876434,0.5123311944586142,0.6879734848484849,0.1334807739061556,0.7007623047805769,0.2625602968460111
gehring_L3_state::3. EMB low proto,0.6430326043484584,0.2331981822351003,0.8501371210640865,0.8272919860330438,0.1184015176509402,0.4081739750445633,0.516051881151688,0.1636275928605885,0.0565743802782256,0.0548175327689485,0.7177927071449698,0.5387621567904957,0.0596757030122322,1.0,0.6241349890984927,0.0016498784300104,0.4951370468611848,0.1189305404772548,0.007931690340334264,0.3435614245698279
gehring_L3_state::3. EMB sus,0.3860552362707535,0.7546573276910356,0.5669781931464174,0.9397302796327212,0.5597987462883537,0.2479857397504456,0.0105367909617748,0.2771966094686789,0.5031676186832108,0.123640061006609,0.7356748802680672,0.7779670954570821,0.1578090812990142,0.9486590201226708,0.6318269842774535,0.2177839527613754,0.743448275862069,0.4307018328118014,0.0946137347739873,0.9501656662665066
gehring_L3_state::30. oi1 flav synth g2m-phase,0.650640245139819,0.4691353590229995,0.8963449241363654,0.0212910918071878,0.340778620917189,0.2880855614973262,1.0,0.7809799462476742,0.0,0.0140500069325692,0.4587174387316179,0.0099530855956089,0.636264555727643,0.6600567644276253,0.5990005823165364,0.0721546833391223,0.7596663946133442,0.3435810948104198,0.49459754765084374,0.4822222222222223
gehring_L3_state::30. oi1 flav synth s-phase,0.4894288103548574,0.6324107630095009,1.0,0.1091928851254349,0.9986910619253224,0.9039579721565536,0.5404354073942592,0.6326901669758813,0.3310661485786664,0.682408118071895,0.0275267787684758,0.5042111912845925,0.9967696162787189,0.6339438869674457,0.934956597104668,0.7430056295752587,0.8836287313432836,1.0,0.9924932316022643,0.29863945578231293
gehring_L3_state::31. oi2 LTP,0.7058229292522487,0.0768511183840236,0.8213846532218397,0.8640422529612847,0.9566906670289363,0.8224555276656116,0.9502911391097444,0.8048239266763145,0.7319748970509367,0.1560290243564265,0.0243394675426523,0.0134104732235573,1.0,0.6108309137767918,0.8384092096561134,0.2018962345464603,0.782794791415481,0.2946189092534644,0.31103557120310793,0.21465091299677763
gehring_L3_state::31. oi2 gen I,0.3523887434554973,0.1491682474828542,0.851285046728972,0.1146525293817067,0.4081483210081194,0.7127053338818046,1.0,0.7562513704337148,0.0162791102144459,0.0293735525052251,0.0719248090402111,0.0019342028687823,1.0,0.5828814194676997,0.7780275579952535,0.0967928678939446,0.5175729442970822,0.1643976646211782,0.005827364331674153,0.05251700680272109
gehring_L3_state::32. oi2 VLCFA synth,0.5422709424083769,0.0782868816576681,0.6190359075258238,0.157639243740419,0.4828271130293093,0.5496765979118919,1.0,1.0,0.1808669034528077,0.0311014085349442,0.0183511858456505,0.0,1.0,1.0,0.772898726069319,0.0170487437767743,0.3806366047745358,0.1402837795327737,0.005098943790214884,0.037224489795918365
gehring_L3_state::32. oi2 gen,0.6286179986170107,0.0203122719976652,0.8746925725528776,0.3331088090924575,0.7717087745874787,0.8554862829182474,1.0,1.0,0.6818442701358333,0.0562616505677003,0.5399181035588192,0.0008381545764723,1.0,0.3377483443708609,0.4857305529855525,0.6617266714992707,0.7177083333333334,0.9716644453663086,0.09124425729858213,0.373669758812616
gehring_L3_state::33. oi2 VLCFA synth,0.806248277762469,0.143332564499654,0.8522616268194508,0.7178059155930437,1.0,0.8449473058760985,1.0,0.9166959606809232,0.8155641565245544,0.943284506552496,0.5140000326404491,0.3360237892948173,1.0,0.5821353577774188,0.7595544801081773,0.840367077680696,0.9552083333333334,0.3294218447325286,0.29637610780624013,0.02857142857142857
gehring_L3_state::33. oi2 gen II,0.5320434329786635,0.5161493402263868,0.8920868175110673,0.0816665450032849,0.3559174247066032,0.6878619007411577,1.0,0.720178354910627,0.100030063680341,0.4347817418782459,0.0919543204265842,0.1015531475214153,1.0,0.6860980452249923,0.9767203087910846,0.4229974122851402,0.3209635416666667,0.5035403506810517,0.002549471895107442,0.3415730337078652
gehring_L3_state::34. oi2 s-phase,0.6100582772375965,0.2265004110715264,0.7630964092474176,0.2052754920444734,0.3970993428268255,0.5814474153297682,1.0,0.8194802743346127,0.0235316625215228,0.0189798339264531,0.076741322627266,0.0,1.0,0.7569583727530748,0.7777588409141136,0.1240158619891165,0.5764408005787316,0.1152788501916798,0.004079155032171908,0.05430719656283566
gehring_L3_state::4. EMB cort init,0.2893457117595049,0.9600697631723883,1.0,1.0,0.4045007148355878,0.9888770053475936,0.5228483393911012,0.1515590053940271,0.1947732925196097,0.021860701576004,0.8741876874973592,0.4487435489034111,0.1113946456228335,0.6034648370497427,0.1493291048699144,0.0085793678360541,0.6457715712279607,0.7255550588585903,0.3479139786160575,0.6346899708697461
gehring_L3_state::4. EMB unknown I,1.0,0.9599307613627422,0.9810304449648712,0.1485747928284197,0.1513361926756846,0.2488651218062982,1.0,0.2994693680656054,0.0051654868949684,0.019754521025492,0.2928425772061701,0.0362202513404115,0.2224309444996377,0.6512480896586857,0.4759898939524455,0.0036663965111342,0.4641909814323608,0.0643222569910097,0.2627655699890737,0.46831460674157305
gehring_L3_state::4. EMB vasc prim,0.6456639189038654,0.4704792105429369,0.5332636497786523,0.3331421094359325,0.4098165114331396,0.0,0.0,0.8159675727998709,0.9581073215174496,0.0099908359231811,0.6007533474471419,0.3054025738021065,0.3389554208809011,0.8828412662164661,0.2258846471568056,0.9128192277976152,0.7296262254901961,0.0758083743108329,0.35431441117859036,0.7793398876404495
gehring_L3_state::5. EMB gro tiss init,0.602725512652705,0.0554723732544934,0.8632163890402945,0.0287264488433102,0.4090587736249234,0.0,0.0,0.7634972170686456,0.6354983738281997,0.0151121887913664,0.7337727637638907,0.4399114162799076,0.3300334152166883,0.5962384105960266,0.9019757109305896,0.6834889014178622,0.8983242753623188,0.1675004080010785,0.8700889980482065,0.39043731778425655
gehring_L3_state::5. EMB unknown II,0.2403053523743178,0.675399531156134,0.874262174126906,0.1519651677738034,0.0097987462883536,0.0,0.0102168418251962,0.0,0.0,0.0,0.8774398032268649,0.0,0.0021756766723209,1.0,0.0,0.0113991600618901,0.7778445512820513,1.0,0.028681558819958725,0.2406530612244898
gehring_L3_state::5. EMB vasc hypoph,0.0934794948204909,0.7104474248550482,0.9285189116421156,1.0,0.1649874375047585,0.7545098039215686,0.9903092448743592,0.2575531559612601,0.1089448145120614,0.0533242953171778,0.9811129420712384,0.4595182465509568,0.0763904253837139,0.9931389365351628,0.6263208667674103,0.0810273628960673,0.3682581786030062,0.0,0.19518756828942577,0.7447790262172285
gehring_L3_state::6. CZE nodule,0.6501497302871649,0.1501657251255967,0.1304107230693556,0.1351992904841402,1.0,0.8546651387827857,0.2229523884665406,0.8481136203008784,0.6288541052541161,0.1172917951105351,0.0350966429298067,0.6178149713172355,1.0,0.6782184702714504,0.9020710269731692,0.2412015820905556,0.7764204942063381,1.0,0.17837804577898103,0.6024719747053752
gehring_L3_state::6. EMB cort init,0.514992364746946,0.1506716228774182,0.5855570585341859,0.0333691072422291,0.1695338643540557,0.0,0.0007317215945676,0.9519281738669494,0.6251960971876793,0.0437245995696868,0.5328431993915579,0.8344729629121279,0.439742649770285,0.6125422354372212,0.8967333285887126,0.522562592662198,0.8223379629629629,0.4014608972779993,0.21946389814959838,0.6787482993197279
gehring_L3_state::6. EMB unknown,0.1038074712643678,0.3935502699547643,0.8741847747461011,1.0,0.4286661940094203,0.4910860236350432,1.0,0.0238164151333471,0.0906225771047093,0.0146415861718352,0.0032114575229888,0.0393932650941996,0.0355360523145758,0.0420240137221269,0.112238126836667,0.0575100481317918,1.0,0.993890627328267,0.029233944397232002,0.9880449438202247
gehring_L3_state::7. CZE apical cyst,0.7165392543693249,0.0,0.8778980160682079,0.4558510215438429,0.6661428397784298,0.8850118203309693,0.1652360400823785,0.8918109668109668,0.742699864311796,0.0987329667702605,0.132708049220652,1.0,1.0,0.6174571181769569,0.8851325393776412,0.999122971872455,0.9984526967285589,0.0,0.1757783657396013,0.4971661807580175
gehring_L3_state::7. CZE basal cyst,0.3274135332381406,0.4735683111576881,0.8722363890542886,0.0606796116504854,1.0,0.8491952681899205,1.0,0.7167711850779868,0.7401568777501435,0.1858907263973205,0.0096343725689665,0.0107097529215909,0.6590010131161668,1.0,0.747763019131605,0.7241388568206836,0.8290077683615819,0.4892815716660677,0.43457873012018944,0.5988208616780045
gehring_L3_state::7. EMB hypoph,0.6583463691312306,0.1501118074151781,0.3068740777176586,0.0200214643453374,0.1483421313097987,0.0,0.0,0.8548549376335194,1.0,0.0056418838154434,0.7317979270064452,0.3203039950703502,0.0805000368758758,0.643915025371979,0.631692495775053,0.8180524606008537,0.8400297619047619,1.0,0.9025483765823417,0.4405571752510528
gehring_L3_state::8. CZE basal cyst,0.3214057653712826,0.0285641324967167,0.7795868175110675,0.3259533084240931,1.0,0.7411934470758,0.857068685115383,0.7363241678726483,0.621848096422422,0.9306395851339672,0.3223229981833229,0.2225599741454214,1.0,0.7262482918112058,0.8324267718616875,0.1965712300898129,0.5496794871794872,0.3315694815523282,0.450206742888973,0.7622396650968079
gehring_L3_state::8. CZE nod-like,0.5467316846627192,0.5829564230518884,0.0,0.4311934934848124,1.0,0.6179469434832756,0.2593953052742492,0.6362070153676521,0.7995124049906783,0.2380822730452183,0.4867275996668534,0.507866410403126,1.0,0.5964825461514204,0.8755575415552945,0.4334838485585273,0.6690152519893899,1.0,0.9170871277381245,1.0
gehring_L3_state::8. EMB  s-phase,0.6398978330424665,0.2231176127243543,0.72,0.3494335530989443,0.4425313427911579,0.0,0.0030394589312812,0.8461004603861747,0.2776118085090727,0.0806613076739182,0.5193959068876788,0.1631835644805318,0.3142863847561834,0.8754335810939585,0.3856289695705754,0.7142140403689553,1.0,0.5589520597120061,0.14498735820871886,0.025396825396825397
gehring_L3_state::9. CZE nod-like,0.6150685774376874,0.5913088335940053,0.238049456691857,0.8977366270973898,1.0,0.8183164983164983,0.5586315897837536,1.0,0.9068045530113504,0.8951509429394533,0.9740849779147908,0.8459152669952255,1.0,0.3100438345721364,0.6200006727437856,0.9274983555722608,0.9987824675324676,0.2930421786031978,0.42664631714042905,0.9282798833819241
gehring_L3_state::9. EMB g2/m-phase,0.0719189016602809,0.31997010098363,0.7915330571068276,0.0207588145120081,0.0,0.0542400222500347,0.5300103416652033,0.0030873130728412,0.0,0.0151063984312586,0.992041170486506,0.0,0.0,0.862657653112703,0.0068252914968243,0.0013199027440083,0.962828196347032,0.6347450742882412,0.6140585164501638,0.026122448979591838
gehring_L3_state::9. MCE,0.348262979930192,0.3417477510556269,0.8979832759468765,0.1234883324816896,0.7836790105843222,0.7007209348385819,0.526193911387654,0.7630413002337749,,0.2379257752923233,0.5999369676660085,0.4432422643370574,1.0,0.8260516417841567,0.3661568144178707,0.1354220215352553,0.389920424403183,0.9787518526408348,0.9411544441697833,0.6972287862513425
germ_cluster::1,0.05970625798212,0.4209177265909629,0.6800936768149883,0.2999983516574084,0.0037418147801683,0.0170862884160756,1.0,0.7499276410998553,1.0,0.004880528723945,0.7657202212485159,0.9368334489759208,0.999926248248396,0.5656323093715889,0.9256728672787068,0.086488364015283,0.7688163129973475,0.2935040802194816,0.9911375500789122,0.9979962894248608
germ_cluster::10,0.7310575604587385,0.0541056054699714,0.7325381210034432,0.4828238955730013,0.9976536779519434,0.8150669818754925,1.0,1.0,0.0524495592412179,0.2571521005684707,0.0262755615517269,0.0542705088265835,1.0,0.6134612785511555,0.8079199582473371,0.7166848336778802,0.7895283127666934,0.1878945015645954,0.005098943790214884,0.03965014577259475
germ_cluster::11,0.3610043084642234,0.1619239948595557,0.2463600590260698,0.0014508307496621,0.0,0.2020751247701602,0.0059583044129084,0.0656771799628942,0.9088627563459056,0.0023507849231014,0.406118296759192,0.6035258139953229,1.0,0.6727395593999189,0.823575462495866,0.0200821542674577,0.3763020833333333,0.5900050310246521,0.020759985431589172,0.28943820224719097
germ_cluster::12,0.6748539925293163,0.7968541461279198,0.9261098130841122,0.287414574372723,0.7078573490597162,0.909627659574468,0.0189332962594392,0.8328767870784678,0.9928772885893208,0.0326972812031382,0.064165870508585,1.0,1.0,0.8869639794168096,0.931731653171137,0.2096042751035682,0.5689583333333333,0.0136955671082788,0.6591543699714151,0.23658426966292137
germ_cluster::13,0.9534249563699826,0.0,0.0021077283372365,0.0,0.9987352908830968,0.2310460643587578,0.0021285087135825,0.9994934876989868,0.4134541802180983,0.0149127266564988,0.0,0.1877788618442824,1.0,0.0768439108061749,0.0242677030998198,0.7449835680123975,0.5367208222811671,0.1280790435908898,0.4317785601553964,0.8025396825396827
germ_cluster::14,0.0776614310645724,0.8965402139626484,0.102557796360059,0.2713053501868193,0.2674694820191355,0.3688608005185545,1.0,0.0069464544138929,1.0,0.4828907747057213,0.193054475096244,0.0267564730181552,0.1646819881202947,0.9771917376222012,0.892481263773976,0.4413213277402231,0.9855011261261262,0.9658113924758231,0.15198129460989415,0.5548669426374927
germ_cluster::15,0.9337975243147656,0.0800772261446418,0.7519320843091336,0.230856188886239,0.0,0.2328163992869875,0.6121695432706379,0.9287426858855432,1.0,0.9463828323583796,0.0073404743382602,1.0,1.0,0.9998107852412488,0.4872844474702471,0.5091590479454327,0.8993566176470589,0.9974285874000782,0.5064950831613451,0.08949357520786093
germ_cluster::2,0.3586448031801435,0.4231723332846928,0.7561562346286276,0.8419041302906098,1.0,0.924649938296997,1.0,0.2716835504100338,0.549309975749616,0.7137773258769701,0.0759415249553834,0.0271562082777036,1.0,1.0,0.8731846592455216,0.0705323028829454,0.7519893899204244,0.0319563232526506,0.13918286980063993,0.10277153558052435
germ_cluster::3,0.0108556832694763,0.0042317233328469,0.7967213114754098,0.0501861449740856,1.0,0.5246230627790912,1.0,0.7774471780028943,0.9977998852114024,0.0126532226176354,0.1424510801268625,1.0,1.0,0.1876072041166381,0.2833254336903972,0.0016498784300104,1.0,0.9947644041328144,0.7529440330217313,0.8189028420356906
germ_cluster::4,0.9345295642947804,0.0512689557633377,0.9197037540377584,0.9962303033560294,0.619003629165292,0.2293635315088602,0.0776905680457629,0.3649782923299566,0.0,0.0061006609049313,0.0,0.0,0.2523784939892322,0.0564322469982847,0.0182007773248649,0.0,0.5868700265251989,0.5145620213539046,0.01572174335316256,0.2080466472303207
germ_cluster::5,0.6823111443530292,0.8826121232410717,1.0,0.8060963187232958,1.0,0.9886181720508876,1.0,0.9951762523191094,0.0543332695618901,0.729653314781616,0.0,0.1619314641744548,1.0,0.0387650085763293,0.0282112048535406,0.0803587847087428,0.7434018567639258,1.0,0.3442440769137382,0.38691013247404227
germ_cluster::6,0.5182576749167063,0.4176096647100634,0.792449581898672,0.9972564163716084,0.0355472404115996,0.2847328605200945,0.8733828952760053,1.0,0.362502391429118,0.5339315046308792,0.1462851671696145,0.2081153627618095,1.0,0.8921088844929904,0.7788933719472471,0.3009378256339006,0.6980744949494949,0.5672829256870383,0.003399295860143256,0.1887940630797774
germ_cluster::7,0.8733224534429055,0.414393243987516,0.004215456674473,0.0276784193493442,1.0,0.4852159605100781,0.0,0.7694678697925451,0.5027740577769275,0.0132180986273512,0.002202142301478,0.2972013686737143,1.0,0.0376214979988564,0.0720447435775902,0.0959929268369699,0.6294429708222812,0.0275666815675756,0.2718264517128348,0.7444897959183674
germ_cluster::8,0.3187354566608493,0.1696346612814393,0.0482046237088047,0.0,0.3261712306169581,0.0,0.0,0.6193722943722942,0.9704096754146948,0.0,0.0353656990746609,0.221272808188696,0.4874758989811722,0.8126610369435977,0.4970632287420608,0.0886633673703773,0.6148313492063492,0.2256792330998857,0.3422086593751035,0.4517228464419476
germ_cluster::9,0.2523946360153257,0.3861447541222822,0.5802432933519998,0.990851455166981,0.3990785690719706,0.3565918045705279,1.0,1.0,0.7260105496187379,0.9619118057215712,0.0174876006293846,0.5918253577869909,0.9998188569875917,0.9749311468516768,0.962959604660652,0.917681754441762,0.995253164556962,0.9935773527395548,0.12958405119369926,0.5165449438202248
germ_state_time::12hsl,0.2014343368237347,0.0727005691206168,0.5930383958797488,0.0,0.0508083140877598,0.0,0.0,0.837992166563595,0.9398496240601504,0.0035261773846521,0.1820678581991803,0.7449098798397864,0.8125920916153674,0.7670668026391773,0.5003317850033179,0.427281056192445,0.9063313802083336,0.921213645765046,0.32288717028306685,0.08337078651685394
germ_state_time::24hsl,0.5940560160946287,0.1454011382412337,0.6794549712582498,0.0660127991096271,0.3941378235110695,0.0003089046493301,0.1358807001112216,0.809788185765031,0.060694471015879,0.0314417483464817,0.6962738955386947,0.7462040891122804,0.3184546003337949,0.6612654453714056,0.8876147605152658,0.4307461003570757,0.9823611111111112,0.0782893756519147,0.8200028695354664,0.6014425496225887
germ_state_time::48hsl,0.4459060500290867,0.134991974317817,0.8814352342967542,0.6971520758039956,0.9947424995476846,0.7975035460992907,0.3245591783904726,1.0,1.0,0.7308228666703446,0.033032134522171,1.0,1.0,0.9654693023950603,0.9931747085031756,0.7996547571815378,1.0,0.0178042372407624,0.9192400737895932,0.38906367041198503
germ_state_time::dry_seed,0.3141127524308152,0.1685331375068845,0.8051522248243559,0.0119693536847126,1.0,0.8176887776387152,0.0,0.5436611008039579,1.0,0.0,0.2279122829255926,0.4380284223781255,0.3720407109668854,0.6684506915348921,0.8910934963334376,0.0,0.0182291666666666,1.0,0.5913016540169881,0.43249506254114545
