panel_source,panel_group,gene,rank,logfoldchanges,pvals_adj,score
germ_cluster,1,ATCG01130,1,3.1604080200195312,0.0,40.579994201660156
germ_cluster,1,ATCG00800,2,3.3026483058929443,0.0,39.028587341308594
germ_cluster,1,ATCG00820,3,3.0294716358184814,0.0,37.97465515136719
germ_cluster,1,ATCG00740,4,3.115880012512207,0.0,37.96149826049805
germ_cluster,1,ATCG00170,5,3.1849117279052734,0.0,37.94522476196289
germ_cluster,1,ATCG00790,6,2.9977591037750244,5.431703661761845e-288,36.47869873046875
germ_cluster,1,ATCG00180,7,3.07669734954834,1.5168718929987715e-280,36.001712799072266
germ_cluster,1,AT3G53460,8,2.7176315784454346,2.4797560122665852e-272,35.46916580200195
germ_cluster,1,AT2G04030,9,2.466261863708496,7.043574431901415e-243,33.50077819824219
germ_cluster,1,ATCG00160,10,2.831491470336914,2.314082009824888e-224,32.20090866088867
germ_cluster,1,AT4G29060,11,2.8151443004608154,3.315931255638222e-221,31.971662521362305
germ_cluster,1,ATCG00190,12,2.9347474575042725,3.8609052979275814e-220,31.892139434814453
germ_cluster,1,AT5G26742,13,2.529348134994507,4.1022432629913094e-219,31.815513610839844
germ_cluster,1,AT1G01320,14,2.6881637573242188,7.723863156819679e-213,31.356197357177734
germ_cluster,1,AT4G20360,15,2.6223857402801514,1.267077014407857e-212,31.338224411010742
germ_cluster,1,ATCG00810,16,2.654517889022827,8.235164423691642e-211,31.202808380126953
germ_cluster,1,AT3G22120,17,2.893486738204956,3.009665891347973e-204,30.713232040405273
germ_cluster,1,AT2G28000,18,2.274700880050659,1.096316934154972e-201,30.518930435180664
germ_cluster,1,AT1G35680,19,2.3568782806396484,7.973381346869419e-194,29.918760299682617
germ_cluster,1,AT3G56910,20,2.37138032913208,3.7023975217567614e-192,29.788625717163086
germ_cluster,1,AT3G27850,21,2.4711735248565674,5.815843404314819e-192,29.771841049194336
germ_cluster,1,AT1G67090,22,2.912992477416992,1.17880809045115e-186,29.35742950439453
germ_cluster,1,AT2G37220,23,2.2430624961853027,2.9456366128675223e-186,29.324739456176758
germ_cluster,1,AT1G79850,24,2.2993733882904053,5.372857753953976e-178,28.668046951293945
germ_cluster,1,AT4G34620,25,2.0620572566986084,9.792841422205679e-176,28.484682083129883
germ_cluster,1,AT3G21720,26,1.940427303314209,4.421382734819956e-168,27.858428955078125
germ_cluster,1,AT1G15500,27,1.96852707862854,1.139494848062903e-166,27.740341186523438
germ_cluster,1,ATCG00340,28,2.464679479598999,2.3174674384947792e-166,27.71346092224121
germ_cluster,1,AT5G50920,29,2.2462823390960693,1.7512556359997158e-161,27.304391860961914
germ_cluster,1,AT1G48350,30,2.199561834335327,3.851790756410019e-161,27.274307250976562
germ_cluster,1,AT4G24770,31,2.109875440597534,4.592282615996502e-160,27.18220329284668
germ_cluster,1,AT1G05190,32,2.2477240562438965,1.3403959705993794e-159,27.141651153564453
germ_cluster,1,AT1G55490,33,2.184218406677246,3.09687173922346e-159,27.10968780517578
germ_cluster,1,ATCG00470,34,2.1427204608917236,3.9165103414787774e-159,27.099937438964844
germ_cluster,1,AT3G63490,35,2.1262338161468506,1.2559926333605623e-158,27.055891036987305
germ_cluster,1,ATCG00380,36,2.251091718673706,3.5204106959579985e-158,27.016782760620117
germ_cluster,1,ATCG00540,37,2.6017472743988037,2.1279575937318554e-156,26.86372184753418
germ_cluster,1,AT2G38140,38,2.055548667907715,3.954835545683288e-153,26.5814266204834
germ_cluster,1,ATCG00040,39,2.3937315940856934,4.144231353345631e-147,26.054473876953125
germ_cluster,1,AT5G65220,40,1.9917271137237549,2.391776738055203e-142,25.62892723083496
germ_cluster,1,AT1G07320,41,2.0967068672180176,1.549806172150668e-140,25.464956283569336
germ_cluster,1,AT5G03860,42,1.7638888359069824,1.0862100375525774e-138,25.296850204467773
germ_cluster,1,AT3G11120,43,1.6143912076950073,1.86490274662651e-133,24.815643310546875
germ_cluster,1,AT3G27830,44,2.046741008758545,1.4374948241160967e-131,24.639310836791992
germ_cluster,1,AT5G14320,45,1.9793386459350586,2.7311112344430255e-130,24.518823623657227
germ_cluster,1,AT1G06950,46,2.25423526763916,2.1791933610406795e-127,24.244340896606445
germ_cluster,1,AT2G47400,47,1.9479328393936157,3.3827579231304616e-127,24.225360870361328
germ_cluster,1,AT3G15190,48,1.9353381395339966,9.171312225831582e-127,24.183372497558594
germ_cluster,1,AT1G75350,49,1.9499785900115967,4.598054915420767e-123,23.828235626220703
germ_cluster,1,AT5G38410,50,2.2347230911254883,1.6570900242376496e-121,23.676755905151367
germ_cluster,10,AT2G38540,1,5.075257301330566,5.80243795837789e-150,26.417631149291992
germ_cluster,10,AT5G02380,2,2.4427382946014404,2.639989614881469e-147,26.169803619384766
germ_cluster,10,AT2G38530,3,4.335640907287598,6.558128501209737e-147,26.124065399169922
germ_cluster,10,AT3G16420,4,3.991586208343506,8.612016088355925e-139,25.39076805114746
germ_cluster,10,AT1G27950,5,3.674191474914551,3.8501221860758426e-136,25.13774299621582
germ_cluster,10,AT2G42840,6,4.241161346435547,1.1171717975084636e-134,24.996822357177734
germ_cluster,10,AT1G54410,7,3.133053779602051,1.4704964640716893e-130,24.610288619995117
germ_cluster,10,AT1G54010,8,4.452897071838379,9.377824495813994e-120,23.567352294921875
germ_cluster,10,AT3G02480,9,1.5492955446243286,6.071939520985737e-113,22.883739471435547
germ_cluster,10,AT5G23820,10,4.285088539123535,8.788626636186509e-113,22.864789962768555
germ_cluster,10,AT3G09260,11,3.8601748943328857,1.7707992414217703e-111,22.728147506713867
germ_cluster,10,AT3G43720,12,3.3633694648742676,1.2443784022541112e-90,20.461017608642578
germ_cluster,10,AT2G41430,13,1.021454930305481,2.5942474682997146e-89,20.308752059936523
germ_cluster,10,AT3G16400,14,4.461191177368164,4.5174189715000464e-86,19.932941436767578
germ_cluster,10,AT4G39330,15,4.904160976409912,9.28400183394766e-84,19.657867431640625
germ_cluster,10,AT5G15230,16,2.4688467979431152,6.10287052265185e-82,19.43642807006836
germ_cluster,10,AT5G43760,17,3.871133804321289,6.901373951058117e-82,19.429508209228516
germ_cluster,10,AT1G56580,18,2.967636823654175,6.387935645824044e-81,19.311420440673828
germ_cluster,10,AT3G15950,19,3.583034038543701,2.40840182212371e-77,18.874313354492188
germ_cluster,10,AT2G26250,20,3.224923849105835,2.919189643840622e-66,17.45416831970215
germ_cluster,10,AT3G10720,21,3.4775290489196777,3.314077551929029e-66,17.446537017822266
germ_cluster,10,AT4G02380,22,1.0019490718841553,5.517215346620543e-66,17.415876388549805
germ_cluster,10,AT1G09310,23,4.78903341293335,1.0272185838020012e-65,17.3795223236084
germ_cluster,10,AT5G26280,24,3.0732598304748535,4.0284677361237485e-65,17.300235748291016
germ_cluster,10,AT4G23670,25,5.324013710021973,3.597371612664955e-64,17.172542572021484
germ_cluster,10,AT4G30470,26,3.4329993724823,9.278796966547267e-63,16.981069564819336
germ_cluster,10,AT4G18970,27,4.888315200805664,1.3901790785938847e-62,16.956619262695312
germ_cluster,10,AT3G04290,28,6.643363952636719,1.415826449275237e-61,16.817922592163086
germ_cluster,10,AT5G22500,29,4.809938430786133,2.015709238520609e-60,16.657434463500977
germ_cluster,10,AT3G16460,30,3.210606336593628,3.5337176642011193e-57,16.19925880432129
germ_cluster,10,AT5G42980,31,0.5990874171257019,4.637210719882064e-54,15.744828224182129
germ_cluster,10,AT4G21620,32,3.762129068374634,2.7243996900033314e-53,15.631251335144043
germ_cluster,10,AT1G17200,33,3.4452874660491943,3.049458423476294e-52,15.474875450134277
germ_cluster,10,AT1G05135,34,3.335069179534912,1.8894803659837665e-48,14.89681339263916
germ_cluster,10,AT2G20835,35,3.3005294799804688,4.538365589482103e-47,14.680685997009277
germ_cluster,10,AT5G45670,36,3.284564256668091,1.0902676718490866e-46,14.62007999420166
germ_cluster,10,AT1G33590,37,2.5113871097564697,2.74974288127982e-46,14.556174278259277
germ_cluster,10,AT1G02205,38,6.084072589874268,3.9453640811254336e-46,14.530945777893066
germ_cluster,10,AT4G16500,39,1.430254578590393,5.019186060877063e-46,14.513671875
germ_cluster,10,AT1G01120,40,4.153748512268066,8.265538292940081e-46,14.478655815124512
germ_cluster,10,AT4G29020,41,3.43493390083313,9.269310290650782e-45,14.309505462646484
germ_cluster,10,AT1G72970,42,3.680901050567627,2.625381108971765e-44,14.236416816711426
germ_cluster,10,AT3G55120,43,3.345541000366211,4.094039170627056e-44,14.205076217651367
germ_cluster,10,AT3G20370,44,2.9658823013305664,1.4486953216278573e-43,14.115276336669922
germ_cluster,10,AT2G27385,45,4.661099433898926,6.115386161313127e-43,14.012646675109863
germ_cluster,10,AT3G28910,46,3.0202646255493164,3.723037730299081e-42,13.882322311401367
germ_cluster,10,AT3G08580,47,0.3326490521430969,2.7463850356921546e-40,13.56698226928711
germ_cluster,10,AT3G16370,48,3.839430809020996,4.348691909537112e-40,13.532772064208984
germ_cluster,10,AT1G70410,49,1.7101274728775024,6.402401791130698e-38,13.158190727233887
germ_cluster,10,AT4G36250,50,3.1928911209106445,7.64138761363891e-38,13.14458179473877
germ_cluster,11,AT3G41979,1,1.7589131593704224,1.993874871444185e-302,37.425987243652344
germ_cluster,11,AT1G75830,2,2.4433701038360596,4.72571889237333e-100,21.451618194580078
germ_cluster,11,AT5G10520,3,2.7323293685913086,3.402542923254148e-06,4.956291675567627
germ_cluster,11,AT1G48920,4,0.19824256002902985,2.8456027028152835e-05,4.500400066375732
germ_cluster,11,AT4G09030,5,-0.26581043004989624,0.003788038577105734,3.2309751510620117
germ_cluster,11,AT5G11740,6,-0.3205481767654419,0.014813526376118241,2.782846212387085
germ_cluster,11,AT3G08520,7,-0.29703930020332336,0.016778502585225927,2.737929582595825
germ_cluster,11,AT3G41768,8,0.6637670993804932,0.10668055957409675,1.9750391244888306
germ_cluster,11,AT4G28520,9,1.076851725578308,0.1285447933237102,1.8857684135437012
germ_cluster,11,AT1G72060,10,1.1649302244186401,0.19510747286753777,1.6683374643325806
germ_cluster,11,AT5G05290,11,2.4701826572418213,0.5705914940030018,0.9530702233314514
germ_cluster,11,AT3G09390,12,-0.10157613456249237,0.6459587686214747,0.8467838764190674
germ_cluster,11,AT1G62420,13,1.4274232387542725,0.6855230423321359,0.7930740118026733
germ_cluster,11,AT5G35660,14,0.3261972665786743,0.6857381933518362,0.7917980551719666
germ_cluster,11,AT5G66310,15,1.3947736024856567,0.7280432608681242,0.7353302240371704
germ_cluster,11,AT4G27970,16,2.0721848011016846,0.7618414408973093,0.6886540651321411
germ_cluster,11,ATMG01390,17,0.34733283519744873,0.8084259166045844,0.6273835301399231
germ_cluster,11,AT2G41260,18,0.7062981724739075,0.8329626943397217,0.5948619842529297
germ_cluster,11,AT1G74670,19,1.7033919095993042,0.8377203196452155,0.586944580078125
germ_cluster,11,AT1G18100,20,1.597220540046692,0.8684394127553648,0.5466364622116089
germ_cluster,11,AT5G21150,21,2.4209916591644287,0.8965726771821123,0.5049096941947937
germ_cluster,11,AT4G22592,22,1.879908561706543,0.9173464197456553,0.4753284752368927
germ_cluster,11,AT5G39610,23,3.43031907081604,0.9207946731521088,0.47007399797439575
germ_cluster,11,AT3G25710,24,0.661203920841217,0.934848027687892,0.44974952936172485
germ_cluster,11,AT1G66600,25,2.1579205989837646,0.9467731984643593,0.43378400802612305
germ_cluster,11,AT4G27160,26,0.5796571373939514,0.967848528893383,0.4009137749671936
germ_cluster,11,AT2G40205,27,-0.3385501205921173,0.9784110278548732,0.3852454125881195
germ_cluster,11,AT4G15620,28,1.0185463428497314,0.9911750732306907,0.36496850848197937
germ_cluster,11,AT4G22710,29,1.180658221244812,0.9990551353093886,0.3460032343864441
germ_cluster,11,AT5G28646,30,2.1271820068359375,0.9990551353093886,0.33217358589172363
germ_cluster,11,AT4G27460,31,1.078363060951233,0.9990551353093886,0.3245652914047241
germ_cluster,11,AT3G19615,32,1.2732486724853516,0.9990551353093886,0.3206818699836731
germ_cluster,11,AT5G03795,33,1.6459299325942993,0.9990551353093886,0.316362589597702
germ_cluster,11,AT1G55580,34,2.726527452468872,0.9990551353093886,0.2877205014228821
germ_cluster,11,AT5G55490,35,1.354927659034729,0.9990551353093886,0.2651967704296112
germ_cluster,11,AT3G48580,36,2.5362143516540527,0.9990551353093886,0.2567880153656006
germ_cluster,11,AT4G39363,37,1.7650419473648071,0.9990551353093886,0.2561302185058594
germ_cluster,11,AT2G27380,38,2.0748069286346436,0.9990551353093886,0.2413376271724701
germ_cluster,11,AT5G02460,39,1.2388590574264526,0.9990551353093886,0.23928892612457275
germ_cluster,11,AT1G14950,40,3.59031343460083,0.9990551353093886,0.2375374287366867
germ_cluster,11,AT1G70810,41,0.9283536076545715,0.9990551353093886,0.2274128496646881
germ_cluster,11,AT2G34315,42,3.5790226459503174,0.9990551353093886,0.2273375540971756
germ_cluster,11,AT4G18690,43,1.608389139175415,0.9990551353093886,0.22491241991519928
germ_cluster,11,AT4G15396,44,1.2418590784072876,0.9990551353093886,0.20916877686977386
germ_cluster,11,AT3G52490,45,1.1720328330993652,0.9990551353093886,0.20007449388504028
germ_cluster,11,AT1G09080,46,3.6856062412261963,0.9990551353093886,0.1970866471529007
germ_cluster,11,AT2G26560,47,1.260247826576233,0.9990551353093886,0.19482792913913727
germ_cluster,11,AT2G35980,48,2.720062494277954,0.9990551353093886,0.19146759808063507
germ_cluster,11,ATMG00570,49,1.5777778625488281,0.9990551353093886,0.1897636502981186
germ_cluster,11,AT2G07667,50,1.525258183479309,0.9990551353093886,0.1851273477077484
germ_cluster,12,AT5G02380,1,3.690683126449585,0.0,38.3054084777832
germ_cluster,12,AT2G41430,2,2.0755295753479004,6.591141665395863e-263,34.89219665527344
germ_cluster,12,AT2G02130,3,3.508334159851074,9.477570184738724e-232,32.76115798950195
germ_cluster,12,AT5G20010,4,2.2095236778259277,2.7241526904772737e-231,32.72016143798828
germ_cluster,12,AT5G54940,5,2.1843318939208984,8.746213001310684e-230,32.60723114013672
germ_cluster,12,AT5G11740,6,1.7050178050994873,1.5927256318747668e-223,32.15687942504883
germ_cluster,12,AT3G09440,7,2.2103803157806396,1.1877451217545095e-208,31.0698299407959
germ_cluster,12,AT4G24960,8,3.8856756687164307,8.192958042538057e-198,30.252378463745117
germ_cluster,12,AT1G55210,9,4.283396244049072,1.8634910609760826e-192,29.838380813598633
germ_cluster,12,AT5G10695,10,2.300140142440796,1.4309865353140914e-161,27.34720230102539
germ_cluster,12,AT4G27960,11,2.4303531646728516,1.6711292034085042e-156,26.914514541625977
germ_cluster,12,AT4G36988,12,2.672527551651001,2.3496656170544845e-152,26.551979064941406
germ_cluster,12,AT3G02480,13,1.845072865486145,4.041020414703257e-145,25.915197372436523
germ_cluster,12,AT2G26150,14,2.421663761138916,2.758861175714683e-141,25.57025146484375
germ_cluster,12,AT5G42980,15,1.2396348714828491,1.279392097631262e-138,25.324745178222656
germ_cluster,12,AT1G30070,16,2.416602373123169,3.010470700925706e-134,24.922569274902344
germ_cluster,12,AT5G01600,17,2.4198498725891113,5.699429669998783e-132,24.70955467224121
germ_cluster,12,AT1G07400,18,2.522693157196045,1.8098997808668144e-127,24.285125732421875
germ_cluster,12,AT1G70490,19,1.8756523132324219,4.200489892829161e-120,23.5670223236084
germ_cluster,12,AT5G21090,20,1.9057904481887817,2.0223663134299152e-114,22.997451782226562
germ_cluster,12,AT5G12140,21,2.189141273498535,2.895734581201162e-113,22.879079818725586
germ_cluster,12,AT1G78370,22,3.3317599296569824,5.896490343902306e-112,22.745990753173828
germ_cluster,12,AT1G23490,23,1.3803060054779053,4.248808822368408e-108,22.347036361694336
germ_cluster,12,AT5G42570,24,2.1834590435028076,1.6207975977151453e-107,22.285030364990234
germ_cluster,12,AT1G54050,25,2.10123872756958,1.2240385440121419e-105,22.088470458984375
germ_cluster,12,AT5G11970,26,2.32671856880188,3.4504809749338015e-104,21.935121536254883
germ_cluster,12,AT3G51810,27,2.5822460651397705,7.850519932430805e-104,21.895790100097656
germ_cluster,12,AT4G32020,28,1.565750241279602,8.700454631349108e-101,21.5677433013916
germ_cluster,12,AT2G32240,29,2.9185287952423096,6.933803813732942e-96,21.032060623168945
germ_cluster,12,AT5G56030,30,1.224173903465271,1.2714258013789854e-95,21.00183868408203
germ_cluster,12,AT3G25230,31,1.5485577583312988,2.741077062507272e-94,20.853349685668945
germ_cluster,12,AT2G41110,32,1.5220766067504883,1.4578276647130584e-92,20.660329818725586
germ_cluster,12,AT3G61640,33,1.5564169883728027,4.160246498330044e-91,20.496549606323242
germ_cluster,12,AT1G18740,34,1.5789374113082886,4.4834541877045215e-88,20.151260375976562
germ_cluster,12,AT1G61340,35,1.6142542362213135,3.0304134239209946e-87,20.055200576782227
germ_cluster,12,AT1G19180,36,1.7355464696884155,3.2495280631767004e-84,19.700902938842773
germ_cluster,12,AT2G13820,37,4.590330600738525,2.8725210279748334e-81,19.34779167175293
germ_cluster,12,AT3G12630,38,1.5813252925872803,3.7206653038116974e-81,19.333938598632812
germ_cluster,12,AT2G44670,39,2.143113613128662,1.4001113814286783e-76,18.777151107788086
germ_cluster,12,AT3G62290,40,1.134032964706421,2.859450649995014e-76,18.73871612548828
germ_cluster,12,AT4G19200,41,2.0245554447174072,3.307619271900839e-76,18.730499267578125
germ_cluster,12,AT3G03341,42,1.5362335443496704,2.897911385219328e-75,18.613204956054688
germ_cluster,12,AT5G15650,43,1.6582647562026978,3.904133157142076e-74,18.46979331970215
germ_cluster,12,AT1G71950,44,1.3389976024627686,8.800466964296327e-74,18.424579620361328
germ_cluster,12,AT1G69410,45,1.7263909578323364,2.2980256591786025e-73,18.371723175048828
germ_cluster,12,AT4G34150,46,1.3937419652938843,7.784836565169052e-72,18.177471160888672
germ_cluster,12,AT3G47960,47,2.3478875160217285,2.7562144912990133e-71,18.107589721679688
germ_cluster,12,AT2G23120,48,1.1492966413497925,3.3267740447532543e-71,18.096824645996094
germ_cluster,12,AT3G56800,49,1.30104660987854,9.97901683670962e-71,18.035804748535156
germ_cluster,12,AT3G15210,50,1.4591171741485596,1.1907245329647802e-70,18.025636672973633
germ_cluster,13,AT5G47190,1,3.5558228492736816,1.8525634797481396e-207,31.04405975341797
germ_cluster,13,AT3G22840,2,4.52125883102417,2.2308757231921248e-206,30.941511154174805
germ_cluster,13,AT2G35370,3,4.005763053894043,5.60622478347203e-204,30.7493953704834
germ_cluster,13,AT3G25920,4,3.426708936691284,3.617548072075767e-201,30.525218963623047
germ_cluster,13,AT5G38420,5,5.160070896148682,3.617548072075767e-201,30.52178192138672
germ_cluster,13,AT1G32470,6,4.2996344566345215,6.946821536233607e-198,30.26732063293457
germ_cluster,13,AT4G01150,7,3.4615070819854736,1.416893603178342e-197,30.238697052001953
germ_cluster,13,AT3G62030,8,3.235888957977295,9.56292010726313e-194,29.941560745239258
germ_cluster,13,AT5G54600,9,3.4077205657958984,1.2396695345077297e-193,29.928970336914062
germ_cluster,13,AT3G27160,10,3.4174962043762207,5.520730827716747e-193,29.87555503845215
germ_cluster,13,AT1G29070,11,3.343613862991333,6.121442034863963e-191,29.714508056640625
germ_cluster,13,AT1G44575,12,4.078498363494873,8.718768362288299e-191,29.699691772460938
germ_cluster,13,AT2G24090,13,3.351154327392578,9.631412359431033e-191,29.69365119934082
germ_cluster,13,AT5G20720,14,2.951847791671753,2.8310865490493352e-186,29.342992782592773
germ_cluster,13,AT1G78630,15,3.262226104736328,4.202901421832741e-186,29.327190399169922
germ_cluster,13,AT2G43030,16,3.3390376567840576,1.2585952437419866e-183,29.130130767822266
germ_cluster,13,AT4G28660,17,3.406860589981079,6.444087439906244e-178,28.67372703552246
germ_cluster,13,AT4G01310,18,3.2415695190429688,2.1734867553210455e-174,28.387344360351562
germ_cluster,13,AT4G34190,19,3.2665135860443115,2.0837066551892282e-170,28.059415817260742
germ_cluster,13,AT3G52590,20,1.7745684385299683,2.0837066551892282e-170,28.05917739868164
germ_cluster,13,AT5G65220,21,3.0231261253356934,6.680316592601448e-170,28.015939712524414
germ_cluster,13,AT1G64510,22,3.2034378051757812,2.124396297216216e-168,27.890676498413086
germ_cluster,13,AT3G54210,23,3.0542664527893066,5.408817878046847e-167,27.772920608520508
germ_cluster,13,AT1G33810,24,3.085212469100952,1.5566669394461496e-163,27.483470916748047
germ_cluster,13,AT4G34620,25,2.7477948665618896,3.088351140181997e-163,27.457080841064453
germ_cluster,13,AT3G52150,26,3.2022385597229004,7.002529587586724e-160,27.17316246032715
germ_cluster,13,AT1G32990,27,3.204029083251953,8.093338805351342e-160,27.166454315185547
germ_cluster,13,AT3G52960,28,2.6380467414855957,4.855399547092845e-157,26.927631378173828
germ_cluster,13,AT2G28900,29,3.2183539867401123,1.1055162203231439e-156,26.895841598510742
germ_cluster,13,AT5G15200,30,1.690364956855774,1.163206019667664e-156,26.89273452758789
germ_cluster,13,AT5G28750,31,3.060351848602295,1.2595285932030801e-155,26.802949905395508
germ_cluster,13,AT5G63310,32,2.9832379817962646,2.5892289053636767e-155,26.774938583374023
germ_cluster,13,AT1G67090,33,3.638024091720581,3.900872032883598e-155,26.758535385131836
germ_cluster,13,AT1G74970,34,3.0528171062469482,1.7554507120744486e-154,26.70125961303711
germ_cluster,13,AT3G62530,35,2.4435133934020996,4.262736898913959e-154,26.66700553894043
germ_cluster,13,AT5G24314,36,3.1319634914398193,5.964481101926095e-154,26.653396606445312
germ_cluster,13,AT5G14320,37,3.0276033878326416,2.4670636173534994e-153,26.59914779663086
germ_cluster,13,AT3G63160,38,3.295624256134033,4.759205302085211e-152,26.486825942993164
germ_cluster,13,AT5G14910,39,2.9131901264190674,8.021403040274222e-151,26.379161834716797
germ_cluster,13,AT3G11630,40,2.771406412124634,6.822909269893275e-150,26.297061920166016
germ_cluster,13,AT1G05190,41,3.071776866912842,1.2616639626869948e-149,26.27279281616211
germ_cluster,13,AT5G17870,42,2.8020622730255127,3.623884898733588e-148,26.143966674804688
germ_cluster,13,AT1G42970,43,3.323591947555542,5.328229760411783e-147,26.04021644592285
germ_cluster,13,AT3G08740,44,3.0296339988708496,1.124429800127554e-146,26.010698318481445
germ_cluster,13,AT2G44650,45,2.7577171325683594,8.693884251782435e-144,25.753276824951172
germ_cluster,13,AT3G26060,46,3.0503525733947754,2.862336828955004e-143,25.706199645996094
germ_cluster,13,AT4G03280,47,3.143336057662964,1.0382826807764605e-142,25.655282974243164
germ_cluster,13,AT4G09040,48,2.9490747451782227,1.1955367785361018e-142,25.648990631103516
germ_cluster,13,AT2G33450,49,2.8569624423980713,7.064339253981746e-142,25.57895278930664
germ_cluster,13,AT5G38410,50,3.610041379928589,1.8508567144588445e-141,25.54055404663086
germ_cluster,14,AT5G26260,1,7.815896034240723,3.911654903498549e-279,35.96550369262695
germ_cluster,14,AT1G54000,2,7.098308086395264,6.199961831647716e-277,35.805145263671875
germ_cluster,14,AT3G16420,3,5.909718036651611,1.2723092848558577e-262,34.86173629760742
germ_cluster,14,AT3G09260,4,5.6166887283325195,7.2282660331998e-251,34.068756103515625
germ_cluster,14,AT1G54410,5,5.096191883087158,2.1377799977936483e-250,34.03038787841797
germ_cluster,14,AT2G46140,6,5.172412872314453,3.850982784609877e-219,31.841766357421875
germ_cluster,14,AT1G28290,7,6.131393909454346,3.60247148412271e-217,31.694196701049805
germ_cluster,14,AT5G26280,8,5.161378860473633,3.367095301732571e-204,30.73409080505371
germ_cluster,14,AT2G22170,9,4.696519374847412,5.3730951456230475e-201,30.489580154418945
germ_cluster,14,AT5G02260,10,4.884159088134766,5.364784349932642e-190,29.644662857055664
germ_cluster,14,AT3G02230,11,3.8896119594573975,1.1128642414322211e-188,29.539093017578125
germ_cluster,14,AT1G66280,12,7.965250492095947,1.704248765956995e-187,29.4437255859375
germ_cluster,14,AT4G12880,13,5.2447943687438965,1.0607937317734058e-186,29.378910064697266
germ_cluster,14,AT5G15230,14,4.648225784301758,3.1175649098533372e-186,29.339712142944336
germ_cluster,14,AT4G24920,15,2.770683765411377,6.448193443875648e-179,28.758146286010742
germ_cluster,14,AT5G15650,16,3.308699607849121,1.1315258372459597e-178,28.736366271972656
germ_cluster,14,AT4G31320,17,6.293960094451904,3.9568301183546724e-176,28.529945373535156
germ_cluster,14,AT3G16460,18,5.179236888885498,2.5488423579592277e-174,28.381738662719727
germ_cluster,14,AT3G15950,19,4.599127292633057,5.180726408642715e-168,27.86399269104004
germ_cluster,14,AT3G52930,20,2.3753159046173096,1.4617832236081568e-163,27.492380142211914
germ_cluster,14,AT2G25980,21,5.176065921783447,1.826787964871429e-161,27.314651489257812
germ_cluster,14,AT3G43720,22,4.366304874420166,1.3288506137897398e-160,27.240299224853516
germ_cluster,14,AT1G77330,23,6.125577449798584,4.923877480815426e-155,26.76443099975586
germ_cluster,14,AT5G14030,24,2.4861342906951904,8.665174422306697e-154,26.655620574951172
germ_cluster,14,AT1G56580,25,4.033992767333984,3.595321817086219e-153,26.60072898864746
germ_cluster,14,AT2G21160,26,2.5904929637908936,2.0786043351511215e-152,26.53188133239746
germ_cluster,14,AT2G45070,27,2.158283233642578,8.276019502096369e-152,26.478456497192383
germ_cluster,14,AT5G13870,28,4.197282791137695,4.0134344934206097e-150,26.330339431762695
germ_cluster,14,AT5G23820,29,4.3121771812438965,3.077351489186062e-149,26.251684188842773
germ_cluster,14,AT5G65020,30,4.305327892303467,5.329582070114426e-147,26.053630828857422
germ_cluster,14,AT1G09560,31,3.6600394248962402,8.70974045327359e-146,25.94511604309082
germ_cluster,14,AT5G45280,32,3.8333451747894287,1.7279155275106568e-143,25.739519119262695
germ_cluster,14,AT3G29034,33,5.236954212188721,1.1491400101811547e-141,25.575016021728516
germ_cluster,14,AT1G21750,34,2.990079164505005,3.866843624024306e-141,25.526269912719727
germ_cluster,14,AT2G41800,35,4.925230026245117,3.866843624024306e-141,25.525362014770508
germ_cluster,14,AT5G48580,36,2.846017599105835,6.005141773721496e-139,25.32615852355957
germ_cluster,14,AT5G10130,37,7.089358329772949,6.887281789282972e-138,25.228740692138672
germ_cluster,14,AT4G19200,38,3.1196155548095703,1.980375662144572e-137,25.185876846313477
germ_cluster,14,AT1G78040,39,1.9352308511734009,1.2118127853770646e-136,25.112958908081055
germ_cluster,14,AT3G05890,40,5.372349739074707,1.299005672740563e-134,24.92542839050293
germ_cluster,14,AT4G30650,41,3.685840606689453,2.2158552304653573e-133,24.810575485229492
germ_cluster,14,AT3G04120,42,2.074882984161377,1.3403491526023148e-132,24.737092971801758
germ_cluster,14,AT2G47485,43,5.482022762298584,2.2916008320487495e-132,24.714509963989258
germ_cluster,14,AT5G53560,44,2.1288199424743652,2.4729631946964397e-131,24.617319107055664
germ_cluster,14,AT5G50460,45,2.213168144226074,2.7772961933519785e-131,24.61172103881836
germ_cluster,14,AT4G19030,46,6.2517313957214355,1.5887041693475794e-130,24.53999900817871
germ_cluster,14,AT1G54030,47,3.3939571380615234,1.6138427210299363e-130,24.538503646850586
germ_cluster,14,AT1G66270,48,6.601337432861328,4.652472212291795e-130,24.494548797607422
germ_cluster,14,AT2G45790,49,3.3186166286468506,4.103529462952518e-128,24.310457229614258
germ_cluster,14,AT4G21850,50,4.024238586425781,7.374581933886409e-127,24.19072151184082
germ_cluster,15,AT3G15353,1,8.63349437713623,2.423551487330771e-237,33.184608459472656
germ_cluster,15,AT4G38740,2,6.184837818145752,2.1406392353947063e-222,32.11025619506836
germ_cluster,15,AT4G34870,3,3.291325807571411,9.47709946603787e-221,31.979446411132812
germ_cluster,15,AT5G42980,4,3.467665910720825,1.7463343609316916e-212,31.370115280151367
germ_cluster,15,AT5G57350,5,9.780784606933594,3.952800078995384e-207,30.967788696289062
germ_cluster,15,AT2G16600,6,3.252861499786377,1.0473344755789408e-193,29.948123931884766
germ_cluster,15,AT5G02380,7,5.405467987060547,9.950150326066008e-193,29.86778450012207
germ_cluster,15,AT3G03270,8,6.1727705001831055,2.740721915888132e-191,29.7522029876709
germ_cluster,15,AT2G27030,9,4.002138137817383,1.302369117446882e-173,28.348711013793945
germ_cluster,15,AT5G22090,10,6.797536373138428,8.029779827812001e-161,27.28763198852539
germ_cluster,15,AT5G04080,11,8.798927307128906,4.913874292328378e-155,26.79201316833496
germ_cluster,15,AT1G54410,12,5.077694416046143,1.5577422694781405e-153,26.659616470336914
germ_cluster,15,AT1G22710,13,7.39668083190918,9.121157398785218e-148,26.154399871826172
germ_cluster,15,AT5G43380,14,8.908570289611816,7.117507565442434e-142,25.62830352783203
germ_cluster,15,AT1G79430,15,8.149932861328125,8.061547190790402e-140,25.44066047668457
germ_cluster,15,AT3G08580,16,1.9448444843292236,5.458728116029093e-136,25.08953857421875
germ_cluster,15,AT5G54940,17,2.9192113876342773,1.5087641175632705e-135,25.046632766723633
germ_cluster,15,AT5G02600,18,8.198165893554688,5.898370935481411e-133,24.805274963378906
germ_cluster,15,AT2G47710,19,3.712521553039551,2.662262864427065e-120,23.6011962890625
germ_cluster,15,AT3G56240,20,5.927081108093262,1.5094554288651445e-119,23.5255184173584
germ_cluster,15,AT5G62680,21,6.676167011260986,2.359331653347734e-119,23.504487991333008
germ_cluster,15,AT4G33660,22,5.140172958374023,2.1751244948087108e-113,22.911794662475586
germ_cluster,15,AT1G66200,23,6.901096820831299,2.3545435656428907e-113,22.906404495239258
germ_cluster,15,AT1G01470,24,3.5530760288238525,1.1424368155372404e-106,22.223499298095703
germ_cluster,15,AT5G45350,25,3.3216664791107178,1.1424368155372404e-106,22.221773147583008
germ_cluster,15,AT1G69410,26,3.380636215209961,4.803927035223403e-106,22.155410766601562
germ_cluster,15,AT4G10040,27,2.9803502559661865,6.3084083745587305e-106,22.141433715820312
germ_cluster,15,AT3G16360,28,8.683072090148926,8.819258113590003e-106,22.12468719482422
germ_cluster,15,AT1G31812,29,3.1620476245880127,9.479279463485752e-105,22.015718460083008
germ_cluster,15,AT3G03341,30,3.058710813522339,7.250639325231432e-100,21.498409271240234
germ_cluster,15,AT5G59890,31,4.336098670959473,7.442754427629957e-97,21.17109489440918
germ_cluster,15,AT5G12140,32,3.2863876819610596,3.9246480129483216e-95,20.98192596435547
germ_cluster,15,AT4G26970,33,4.446271896362305,4.715821572570202e-94,20.8619384765625
germ_cluster,15,AT4G01600,34,8.589447021484375,3.50559305114717e-92,20.65345573425293
germ_cluster,15,AT2G38640,35,7.2113752365112305,3.413157042143978e-87,20.08823013305664
germ_cluster,15,AT1G78370,36,3.7930331230163574,5.002799399054147e-84,19.7215633392334
germ_cluster,15,AT1G69510,37,2.628807783126831,8.164628990131131e-84,19.695459365844727
germ_cluster,15,AT1G54575,38,7.4695048332214355,7.467032386069994e-81,19.345781326293945
germ_cluster,15,AT5G35680,39,2.801130771636963,2.111080684954778e-79,19.17144012451172
germ_cluster,15,AT2G24940,40,2.828125476837158,1.1108524920260628e-78,19.083606719970703
germ_cluster,15,AT4G19840,41,8.793655395507812,2.322207291065861e-78,19.043800354003906
germ_cluster,15,AT1G10380,42,10.248377799987793,5.382713523103985e-77,18.877269744873047
germ_cluster,15,AT5G42146,43,9.739452362060547,6.931640185689949e-75,18.617673873901367
germ_cluster,15,AT1G70490,44,2.390667200088501,1.0909766594686762e-72,18.343549728393555
germ_cluster,15,AT4G11010,45,1.9529348611831665,1.9226560744050185e-72,18.311553955078125
germ_cluster,15,AT5G20010,46,2.0898826122283936,4.202242934930989e-72,18.26778221130371
germ_cluster,15,AT1G07640,47,5.923578262329102,1.1851254535070666e-71,18.209978103637695
germ_cluster,15,AT5G66440,48,6.17094087600708,2.0931382104893867e-71,18.17770004272461
germ_cluster,15,AT2G21060,49,2.4209649562835693,3.2951126108935523e-71,18.1506404876709
germ_cluster,15,AT2G20562,50,3.4620046615600586,7.488783870374944e-71,18.104440689086914
germ_cluster,2,AT2G45180,1,5.271771430969238,5.462811097936069e-180,28.9373722076416
germ_cluster,2,AT5G15230,2,4.61892557144165,4.4567512241006115e-175,28.52008819580078
germ_cluster,2,AT1G62480,3,6.45981502532959,1.8174680279217885e-145,26.007831573486328
germ_cluster,2,AT5G10430,4,3.9905312061309814,3.7422370307550427e-140,25.52252197265625
germ_cluster,2,AT2G22170,5,3.9866511821746826,1.104736182486132e-134,25.016033172607422
germ_cluster,2,AT4G32460,6,3.4714667797088623,9.307615173839695e-132,24.738367080688477
germ_cluster,2,AT1G78040,7,2.0118911266326904,5.82733291327552e-129,24.470823287963867
germ_cluster,2,AT4G30660,8,2.664276599884033,1.846507401806738e-127,24.323945999145508
germ_cluster,2,AT3G23810,9,4.406899452209473,6.274512113415889e-126,24.17394256591797
germ_cluster,2,AT1G76640,10,4.127450466156006,3.6561569280705265e-124,24.001102447509766
germ_cluster,2,AT4G13930,11,2.708728551864624,2.3527494754919157e-120,23.6295223236084
germ_cluster,2,AT2G30870,12,3.4178385734558105,5.9474335516160455e-118,23.390926361083984
germ_cluster,2,AT2G14890,13,2.6249022483825684,7.305815462406244e-117,23.28021240234375
germ_cluster,2,AT5G09980,14,4.013636589050293,5.686393193275194e-115,23.089548110961914
germ_cluster,2,AT1G11580,15,4.681107521057129,4.3377681730002914e-114,22.998552322387695
germ_cluster,2,AT2G30860,16,3.792536735534668,9.181695937308603e-114,22.963180541992188
germ_cluster,2,AT2G03680,17,2.4389450550079346,2.9001590186850384e-113,22.910493850708008
germ_cluster,2,AT4G15160,18,7.086697101593018,9.923734486084986e-111,22.65233612060547
germ_cluster,2,AT4G13940,19,1.6057860851287842,9.473260553118274e-107,22.24250030517578
germ_cluster,2,AT1G75780,20,4.398576259613037,3.1394406461465164e-106,22.186368942260742
germ_cluster,2,AT3G17390,21,2.241995334625244,1.3069398218882198e-105,22.11992073059082
germ_cluster,2,AT1G21310,22,5.49772310256958,4.9310748284502716e-104,21.953405380249023
germ_cluster,2,AT5G15970,23,3.3254904747009277,2.0617020346803706e-103,21.886253356933594
germ_cluster,2,AT5G17920,24,2.0766537189483643,3.4980450252800474e-103,21.860191345214844
germ_cluster,2,AT1G66240,25,2.0272369384765625,1.0540848394235164e-98,21.3823184967041
germ_cluster,2,AT1G20010,26,3.3671810626983643,8.849517988950362e-97,21.17272186279297
germ_cluster,2,AT3G08580,27,1.3329153060913086,3.600812506363941e-95,20.995559692382812
germ_cluster,2,AT4G21850,28,3.782550573348999,5.260786202021018e-95,20.975805282592773
germ_cluster,2,AT5G65390,29,3.3440122604370117,2.8958618069006646e-94,20.89284324645996
germ_cluster,2,AT4G29350,30,1.9816418886184692,1.7147087550974515e-93,20.80611228942871
germ_cluster,2,AT2G35120,31,2.444138526916504,3.3131729023057065e-93,20.77292823791504
germ_cluster,2,AT4G38920,32,2.2128350734710693,4.798492635306821e-93,20.753604888916016
germ_cluster,2,AT3G51240,33,3.437088966369629,5.5906845037223815e-93,20.744779586791992
germ_cluster,2,AT4G30650,34,2.899150848388672,1.4168741186043788e-92,20.69856834411621
germ_cluster,2,AT2G06850,35,2.8814055919647217,4.306845655321654e-91,20.531930923461914
germ_cluster,2,AT3G21720,36,1.833986520767212,6.47884275605402e-90,20.398405075073242
germ_cluster,2,AT3G52930,37,1.862706184387207,2.1047596405940518e-88,20.226106643676758
germ_cluster,2,AT3G02230,38,2.398526430130005,4.394860129927379e-87,20.0743465423584
germ_cluster,2,AT4G12730,39,3.979248046875,9.950112735003355e-87,20.032405853271484
germ_cluster,2,AT1G19450,40,3.545351028442383,3.8492071396126544e-85,19.848278045654297
germ_cluster,2,AT2G36880,41,2.7018001079559326,2.3658327934644783e-84,19.754348754882812
germ_cluster,2,AT1G04820,42,2.2925939559936523,1.1515311857871812e-83,19.67308807373047
germ_cluster,2,AT1G08200,43,2.498140573501587,3.2296767374727572e-83,19.61956214904785
germ_cluster,2,AT5G42890,44,1.56943678855896,1.3436816219076624e-82,19.545806884765625
germ_cluster,2,AT2G45960,45,2.0149178504943848,1.6484257533204488e-82,19.534250259399414
germ_cluster,2,AT3G17020,46,2.459101438522339,1.9939215104487266e-82,19.523433685302734
germ_cluster,2,AT5G44340,47,2.0926270484924316,4.258876126978011e-82,19.48354721069336
germ_cluster,2,AT1G74100,48,3.4975452423095703,5.138052635880904e-82,19.472881317138672
germ_cluster,2,AT3G09820,49,2.0809030532836914,7.058878721931013e-82,19.4555721282959
germ_cluster,2,AT5G15150,50,4.976183891296387,5.086838446410333e-81,19.353042602539062
germ_cluster,3,ATCG00740,1,3.654984474182129,0.0,48.457000732421875
germ_cluster,3,ATCG00800,2,3.575856924057007,0.0,46.38905334472656
germ_cluster,3,AT1G01320,3,3.623037338256836,0.0,45.20660400390625
germ_cluster,3,ATCG01130,4,3.156477928161621,0.0,45.070186614990234
germ_cluster,3,AT2G10940,5,5.409097671508789,0.0,43.92897033691406
germ_cluster,3,AT5G38420,6,4.136106014251709,0.0,43.85643005371094
germ_cluster,3,AT2G28000,7,2.917269706726074,0.0,43.49047088623047
germ_cluster,3,ATCG00790,8,3.212749719619751,0.0,43.19855499267578
germ_cluster,3,ATCG00170,9,3.2414000034332275,0.0,42.62101745605469
germ_cluster,3,AT1G61800,10,4.61119270324707,0.0,41.8383903503418
germ_cluster,3,AT1G67090,11,3.4931447505950928,0.0,41.83048629760742
germ_cluster,3,ATCG00340,12,3.4130194187164307,0.0,41.568397521972656
germ_cluster,3,ATCG00160,13,3.2663626670837402,0.0,41.22806930541992
germ_cluster,3,ATCG00470,14,2.992048740386963,0.0,41.05726623535156
germ_cluster,3,ATCG00810,15,3.0950989723205566,0.0,40.5311279296875
germ_cluster,3,AT4G29060,16,3.2120535373687744,0.0,40.365333557128906
germ_cluster,3,AT3G53460,17,2.796560525894165,0.0,39.6311149597168
germ_cluster,3,ATCG00180,18,2.969552516937256,0.0,39.1115837097168
germ_cluster,3,AT2G37220,19,2.585921287536621,0.0,38.61191177368164
germ_cluster,3,AT5G26742,20,2.7230451107025146,0.0,38.020530700683594
germ_cluster,3,AT3G27850,21,2.788269519805908,8.067175279743062e-302,37.30718994140625
germ_cluster,3,AT4G20360,22,2.7448291778564453,9.147564963171887e-294,36.805809020996094
germ_cluster,3,AT4G38970,23,2.925790309906006,9.682176835163382e-291,36.61502456665039
germ_cluster,3,AT1G35680,24,2.6220498085021973,1.8746259706805658e-289,36.532901763916016
germ_cluster,3,AT1G79850,25,2.6028025150299072,4.238725163257388e-278,35.809532165527344
germ_cluster,3,AT1G44575,26,3.1782352924346924,2.015409126186504e-276,35.70051574707031
germ_cluster,3,AT1G72610,27,4.0088324546813965,3.915767600827189e-266,35.03011703491211
germ_cluster,3,AT5G08280,28,2.5483710765838623,1.0501023667161739e-264,34.93513488769531
germ_cluster,3,AT3G52960,29,2.1441071033477783,4.40928686141627e-263,34.82706832885742
germ_cluster,3,ATCG00040,30,2.777508020401001,2.7749914502577146e-262,34.77328109741211
germ_cluster,3,AT3G13470,31,2.4078056812286377,4.930573394103282e-262,34.75581741333008
germ_cluster,3,AT5G58250,32,2.5609986782073975,2.791910045064164e-251,34.03565216064453
germ_cluster,3,AT1G55490,33,2.449768543243408,2.729514641842818e-250,33.967750549316406
germ_cluster,3,AT3G07430,34,2.310809373855591,4.304765446604871e-248,33.817684173583984
germ_cluster,3,AT5G38410,35,2.829911231994629,5.038089507229322e-247,33.74407196044922
germ_cluster,3,AT2G38140,36,2.338176727294922,9.647913371309779e-245,33.587284088134766
germ_cluster,3,AT5G03860,37,2.046072483062744,5.131348327126046e-240,33.26119613647461
germ_cluster,3,AT1G60950,38,2.5336058139801025,1.3656371164737375e-239,33.230979919433594
germ_cluster,3,AT1G10960,39,2.4030752182006836,5.0071995111748113e-238,33.121726989746094
germ_cluster,3,AT3G63160,40,2.6810905933380127,4.745281756283726e-237,33.052833557128906
germ_cluster,3,AT3G11630,41,2.2180075645446777,4.745281756283726e-237,33.052310943603516
germ_cluster,3,AT1G05190,42,2.502305507659912,2.2917857346645474e-236,33.00394821166992
germ_cluster,3,ATCG00780,43,2.9706289768218994,8.066078526061724e-230,32.54372024536133
germ_cluster,3,AT3G15190,44,2.3340094089508057,2.171825959293646e-229,32.51259231567383
germ_cluster,3,ATCG00820,45,2.364039659500122,2.410109063463655e-228,32.437862396240234
germ_cluster,3,AT3G63490,46,2.3060872554779053,1.436560209528229e-227,32.38216018676758
germ_cluster,3,ATCG00190,47,2.6084678173065186,2.065765227538946e-226,32.29914093017578
germ_cluster,3,AT1G07320,48,2.3863680362701416,1.5491579725157769e-224,32.1646728515625
germ_cluster,3,AT1G32990,49,2.4266719818115234,1.1946860611490545e-223,32.10051727294922
germ_cluster,3,AT1G06190,50,2.28206729888916,4.8055435423600174e-223,32.056541442871094
germ_cluster,4,AT3G55280,1,1.7507116794586182,2.4003267668949e-148,26.302873611450195
germ_cluster,4,AT3G06680,2,1.8453415632247925,6.000961328343469e-147,26.1539363861084
germ_cluster,4,AT3G23830,3,2.260532855987549,1.4459576500312569e-146,26.104833602905273
germ_cluster,4,AT3G16080,4,1.5081340074539185,9.318735034702922e-138,25.305753707885742
germ_cluster,4,AT5G03850,5,1.4154157638549805,2.412250044193073e-136,25.16819953918457
germ_cluster,4,AT5G64140,6,1.5065295696258545,8.793935778247667e-132,24.740657806396484
germ_cluster,4,AT2G40205,7,1.6765532493591309,4.0134167435876447e-129,24.486032485961914
germ_cluster,4,AT1G27400,8,1.6402629613876343,9.965869280416269e-129,24.44346809387207
germ_cluster,4,AT5G56710,9,1.2509486675262451,4.440073200627584e-127,24.28306770324707
germ_cluster,4,AT2G18020,10,1.327858805656433,5.0246972678562273e-126,24.17876434326172
germ_cluster,4,AT4G27090,11,1.1981358528137207,6.865031126176012e-126,24.161937713623047
germ_cluster,4,AT2G21660,12,1.6993396282196045,1.337808811711861e-123,23.939485549926758
germ_cluster,4,AT3G04400,13,1.2255326509475708,3.1046620488171534e-121,23.70789337158203
germ_cluster,4,AT4G25630,14,2.1215813159942627,2.636337186587813e-120,23.61452293395996
germ_cluster,4,AT3G23390,15,1.3488149642944336,3.828614518538116e-116,23.202926635742188
germ_cluster,4,AT2G36620,16,1.409988284111023,1.0172069068257216e-113,22.958728790283203
germ_cluster,4,AT1G79075,17,1.7829428911209106,1.3363190563361473e-113,22.944225311279297
germ_cluster,4,AT2G20490,18,1.715717077255249,6.927367103140519e-113,22.87003517150879
germ_cluster,4,AT2G37190,19,1.4216071367263794,8.121888880325036e-113,22.86073112487793
germ_cluster,4,AT3G56020,20,1.512690782546997,3.4064370964786282e-112,22.795804977416992
germ_cluster,4,AT4G15000,21,1.3091424703598022,4.532563807402588e-112,22.781158447265625
germ_cluster,4,AT1G48920,22,1.865771770477295,3.179070283588508e-111,22.693613052368164
germ_cluster,4,AT4G17390,23,1.3607975244522095,9.95025636644118e-111,22.641273498535156
germ_cluster,4,AT3G59540,24,1.3131794929504395,9.95025636644118e-111,22.63953971862793
germ_cluster,4,AT3G22230,25,1.3252947330474854,6.480474624889695e-110,22.554977416992188
germ_cluster,4,AT3G15357,26,2.5471935272216797,3.291763615766578e-108,22.378753662109375
germ_cluster,4,AT5G16130,27,1.4108861684799194,3.9456762765117656e-108,22.368988037109375
germ_cluster,4,AT3G04920,28,1.4870173931121826,2.74199791075014e-107,22.280696868896484
germ_cluster,4,AT2G27710,29,1.2180616855621338,3.858236894925374e-107,22.26382064819336
germ_cluster,4,AT2G43460,30,1.3082921504974365,7.579461420283749e-107,22.232009887695312
germ_cluster,4,AT2G41650,31,1.8366968631744385,7.389138375425778e-105,22.02398681640625
germ_cluster,4,AT3G62250,32,1.1952775716781616,1.764706761672684e-103,21.878286361694336
germ_cluster,4,AT5G57290,33,1.129111886024475,1.1271976491780593e-101,21.686437606811523
germ_cluster,4,AT1G56110,34,1.9242432117462158,4.986902955402273e-100,21.50996971130371
germ_cluster,4,AT5G22440,35,1.5820066928863525,1.3818702857376882e-99,21.461288452148438
germ_cluster,4,AT4G10450,36,1.6731244325637817,5.146310107278607e-98,21.289831161499023
germ_cluster,4,AT1G54690,37,2.6758649349212646,3.1172513152559897e-97,21.20398712158203
germ_cluster,4,AT2G01250,38,1.3345134258270264,2.1227970719278557e-96,21.112295150756836
germ_cluster,4,AT3G53430,39,1.4645473957061768,4.0229875880172e-96,21.080862045288086
germ_cluster,4,AT4G12600,40,1.633387804031372,6.77737561241785e-95,20.945594787597656
germ_cluster,4,AT1G22780,41,1.3904569149017334,2.2478133357127103e-93,20.776975631713867
germ_cluster,4,AT5G60670,42,1.612087607383728,2.7036304836955293e-92,20.65606117248535
germ_cluster,4,AT3G49010,43,1.31734299659729,5.348306132254633e-90,20.39797019958496
germ_cluster,4,AT3G05560,44,1.312005877494812,5.619115995078042e-90,20.394454956054688
germ_cluster,4,AT2G27840,45,1.9788281917572021,2.7832951115096586e-86,19.9718017578125
germ_cluster,4,AT3G57150,46,1.8147748708724976,8.642028559160249e-85,19.79840850830078
germ_cluster,4,AT4G25890,47,1.7618151903152466,7.3957122921562115e-84,19.688907623291016
germ_cluster,4,AT3G09200,48,1.1880221366882324,1.1681206804573868e-83,19.66471290588379
germ_cluster,4,AT2G19730,49,1.272187352180481,5.216876764336157e-83,19.5876522064209
germ_cluster,4,AT5G20160,50,1.6070629358291626,8.07300286730553e-83,19.564416885375977
germ_cluster,5,AT2G20490,1,2.5415844917297363,4.303177881402157e-284,36.28133010864258
germ_cluster,5,AT1G31970,2,3.0569281578063965,5.2542945833520946e-248,33.89541244506836
germ_cluster,5,AT4G33865,3,1.8367602825164795,6.281070344045322e-243,33.53694152832031
germ_cluster,5,AT1G75830,4,4.3267974853515625,1.8855639496827648e-233,32.87165832519531
germ_cluster,5,AT5G20160,5,2.591237783432007,1.5234220144092298e-230,32.660736083984375
germ_cluster,5,AT5G27120,6,2.816948890686035,1.7515665005230366e-222,32.08230209350586
germ_cluster,5,AT4G25630,7,2.7286548614501953,6.28808553059947e-221,31.965787887573242
germ_cluster,5,AT1G48920,8,2.3649096488952637,4.5778591895636845e-206,30.873472213745117
germ_cluster,5,AT3G24080,9,2.985076665878296,1.451372729933639e-205,30.832298278808594
germ_cluster,5,AT4G09320,10,2.1361520290374756,3.624068797706596e-204,30.724445343017578
germ_cluster,5,AT3G08520,11,2.110461473464966,8.673122934184024e-203,30.61792755126953
germ_cluster,5,AT5G39850,12,3.043710708618164,8.304784028613508e-195,30.00948143005371
germ_cluster,5,AT4G12600,13,2.249696731567383,3.99578526412921e-187,29.412086486816406
germ_cluster,5,AT3G44750,14,2.3878538608551025,6.84872845794719e-187,29.39126205444336
germ_cluster,5,AT3G59540,15,1.542307734489441,2.972380720396073e-183,29.10286521911621
germ_cluster,5,AT3G16080,16,1.671359896659851,3.5759193845028855e-179,28.77637481689453
germ_cluster,5,AT3G23830,17,2.4040920734405518,8.707330764452805e-178,28.663240432739258
germ_cluster,5,AT3G56070,18,2.2774341106414795,8.920238020104449e-177,28.58005142211914
germ_cluster,5,AT5G25460,19,2.982407808303833,3.6119718227751295e-176,28.52924346923828
germ_cluster,5,AT4G10450,20,2.1678690910339355,3.12128757290755e-169,27.962671279907227
germ_cluster,5,AT3G22230,21,1.5563404560089111,1.3010882363767195e-165,27.661605834960938
germ_cluster,5,AT3G03920,22,2.146822690963745,2.965857256808532e-165,27.630159378051758
germ_cluster,5,AT3G04920,23,1.7173030376434326,9.878283664494045e-159,27.080242156982422
germ_cluster,5,AT1G56110,24,2.183060884475708,1.588623852896756e-149,26.285301208496094
germ_cluster,5,AT5G67510,25,2.027306079864502,8.347390830402643e-148,26.132808685302734
germ_cluster,5,AT5G03850,26,1.4862641096115112,1.0371480562210203e-146,26.034849166870117
germ_cluster,5,AT2G36170,27,1.9682583808898926,6.887464063373133e-140,25.423763275146484
germ_cluster,5,AT4G25340,28,2.193399429321289,1.030744782040322e-137,25.224868774414062
germ_cluster,5,AT1G69530,29,2.895559787750244,6.719849637736382e-136,25.057580947875977
germ_cluster,5,AT5G60670,30,1.9321507215499878,1.9661782149771258e-135,25.013412475585938
germ_cluster,5,AT2G23350,31,2.071476697921753,7.65096059720999e-129,24.398900985717773
germ_cluster,5,AT3G22660,32,2.2669200897216797,3.315716839279738e-128,24.337522506713867
germ_cluster,5,AT2G41650,33,1.9852570295333862,2.9573851609766648e-127,24.24633026123047
germ_cluster,5,AT4G09030,34,1.6727837324142456,4.929183586408403e-127,24.224056243896484
germ_cluster,5,AT2G27840,35,2.210897922515869,3.459701569024935e-126,24.142419815063477
germ_cluster,5,AT3G57150,36,2.0739493370056152,4.294725137239824e-126,24.132312774658203
germ_cluster,5,AT3G49010,37,1.5595805644989014,3.7976900776705734e-125,24.040843963623047
germ_cluster,5,AT2G38230,38,2.130983591079712,5.543845085300804e-124,23.928152084350586
germ_cluster,5,AT1G57660,39,1.7552435398101807,4.505683235279957e-121,23.645872116088867
germ_cluster,5,AT5G67360,40,2.2013421058654785,4.892610751763258e-121,23.641324996948242
germ_cluster,5,AT4G17390,41,1.4664125442504883,6.458484107118296e-121,23.628555297851562
germ_cluster,5,AT2G40205,42,1.6486960649490356,4.7233254707259316e-120,23.54332733154297
germ_cluster,5,AT3G15357,43,2.5003838539123535,2.7156859461477905e-115,23.072980880737305
germ_cluster,5,AT1G27400,44,1.6192485094070435,3.8392264201534106e-114,22.957109451293945
germ_cluster,5,AT3G57520,45,2.3361475467681885,4.904418105350932e-114,22.945484161376953
germ_cluster,5,AT5G09510,46,1.6339468955993652,1.3648131481455428e-112,22.79938316345215
germ_cluster,5,AT1G27300,47,2.0813939571380615,9.391794223110381e-108,22.30547523498535
germ_cluster,5,AT1G26770,48,2.7297630310058594,1.6290672106899828e-107,22.279876708984375
germ_cluster,5,AT3G06680,49,1.7056182622909546,2.0524758783089307e-107,22.268600463867188
germ_cluster,5,AT2G38210,50,2.673347234725952,2.992373817280466e-107,22.250791549682617
germ_cluster,6,AT1G27950,1,5.382996559143066,5.517160267317681e-114,23.10539436340332
germ_cluster,6,AT2G38530,2,5.0498833656311035,5.3645824884390635e-77,19.0400390625
germ_cluster,6,AT2G20835,3,5.663323402404785,8.298570204825937e-73,18.506093978881836
germ_cluster,6,AT2G26250,4,4.519151210784912,9.017351916555769e-70,18.109708786010742
germ_cluster,6,AT3G18490,5,4.169336795806885,5.18630216413448e-69,18.00078582763672
germ_cluster,6,AT2G42840,6,4.537949562072754,6.26041424491371e-69,17.980253219604492
germ_cluster,6,AT3G43720,7,4.0668745040893555,3.549810976897998e-59,16.679729461669922
germ_cluster,6,AT5G56260,8,2.604522466659546,1.7546693013394083e-54,16.012828826904297
germ_cluster,6,AT1G17200,9,4.68281888961792,1.0453131057789314e-52,15.74908447265625
germ_cluster,6,AT4G04890,10,4.2829461097717285,3.862717308551344e-46,14.754901885986328
germ_cluster,6,AT2G26190,11,3.699230909347534,1.0660990364796201e-44,14.522820472717285
germ_cluster,6,AT5G45670,12,4.169966697692871,1.131013416654128e-42,14.193490982055664
germ_cluster,6,AT3G21720,13,1.9531404972076416,1.571053079503807e-42,14.164810180664062
germ_cluster,6,AT3G23730,14,2.7979485988616943,2.4403844222923614e-42,14.128619194030762
germ_cluster,6,AT3G45310,15,2.4110753536224365,3.9455552521844054e-42,14.08987045288086
germ_cluster,6,AT4G39330,16,4.231754779815674,9.135688458505423e-41,13.861578941345215
germ_cluster,6,AT2G38540,17,3.9541306495666504,2.410685146484088e-39,13.620245933532715
germ_cluster,6,AT1G43780,18,3.3377058506011963,2.9947353080489076e-39,13.600213050842285
germ_cluster,6,AT4G14440,19,4.5063395500183105,9.561027447722775e-37,13.167747497558594
germ_cluster,6,AT1G68560,20,2.2210559844970703,4.716721681769348e-36,13.042769432067871
germ_cluster,6,AT4G21750,21,3.9759860038757324,3.8804306372882816e-35,12.87736988067627
germ_cluster,6,AT4G01250,22,2.6439597606658936,8.567893894267452e-35,12.812472343444824
germ_cluster,6,AT4G31550,23,2.546295642852783,2.1994091980531547e-34,12.735655784606934
germ_cluster,6,AT3G02110,24,3.2203705310821533,2.5426053892183393e-34,12.721009254455566
germ_cluster,6,AT4G36880,25,2.661975145339966,3.8583943966632004e-34,12.68518352508545
germ_cluster,6,AT1G56580,26,2.854072093963623,1.3416342190665448e-33,12.58406925201416
germ_cluster,6,AT3G51600,27,3.830247640609741,2.3530665759039635e-32,12.352778434753418
germ_cluster,6,AT1G56340,28,1.8432352542877197,3.872640586959573e-32,12.30970573425293
germ_cluster,6,AT1G54010,29,3.504305362701416,5.897149941789346e-32,12.27287769317627
germ_cluster,6,AT5G67360,30,2.0206000804901123,4.426508487537797e-31,12.10583782196045
germ_cluster,6,AT5G42890,31,1.4334146976470947,4.946022833736422e-30,11.903440475463867
germ_cluster,6,AT2G37640,32,2.1807987689971924,6.81374308121701e-30,11.874028205871582
germ_cluster,6,AT5G43760,33,3.262253999710083,1.203445300696056e-29,11.823777198791504
germ_cluster,6,AT5G51750,34,4.439203262329102,2.3633382518509725e-29,11.764444351196289
germ_cluster,6,AT5G66780,35,1.933268666267395,3.002625302756012e-29,11.741769790649414
germ_cluster,6,AT2G02850,36,3.8913350105285645,3.130281033222603e-29,11.735865592956543
germ_cluster,6,AT4G37870,37,1.6503353118896484,5.062261901169741e-29,11.692801475524902
germ_cluster,6,AT1G07080,38,1.7916651964187622,1.6786494589317266e-28,11.588289260864258
germ_cluster,6,AT3G02790,39,1.7966324090957642,2.036848973630445e-28,11.569479942321777
germ_cluster,6,AT3G21090,40,4.427073001861572,2.6992604676770143e-28,11.543118476867676
germ_cluster,6,AT4G32460,41,2.4171109199523926,7.458603171640021e-27,11.251959800720215
germ_cluster,6,AT3G47800,42,2.954123020172119,8.405537434094621e-26,11.034158706665039
germ_cluster,6,AT4G35090,43,1.4149705171585083,2.1088736482077054e-25,10.94902515411377
germ_cluster,6,AT4G01610,44,1.4667457342147827,2.5978511095337945e-24,10.717045783996582
germ_cluster,6,AT4G30470,45,3.14363169670105,1.604649324071486e-23,10.54515552520752
germ_cluster,6,AT4G18970,46,3.8421401977539062,3.6871691040348754e-23,10.464583396911621
germ_cluster,6,AT5G02240,47,2.1724703311920166,8.295516558413306e-23,10.385456085205078
germ_cluster,6,AT1G06360,48,4.517087459564209,1.5467144826202668e-22,10.323821067810059
germ_cluster,6,AT5G14450,49,1.82437002658844,1.9489938914591285e-22,10.299625396728516
germ_cluster,6,AT3G28910,50,3.033109188079834,2.5390894896504885e-22,10.272202491760254
germ_cluster,7,AT4G25050,1,3.5420351028442383,0.0,49.14546585083008
germ_cluster,7,AT2G37640,2,3.8912713527679443,0.0,48.81884765625
germ_cluster,7,AT4G18730,3,2.395782947540283,0.0,48.275821685791016
germ_cluster,7,AT1G15930,4,1.9934614896774292,0.0,48.01523208618164
germ_cluster,7,AT2G32650,5,3.4778501987457275,0.0,47.6506233215332
germ_cluster,7,AT4G34620,6,2.8944921493530273,0.0,47.45890808105469
germ_cluster,7,AT1G56200,7,3.1084864139556885,0.0,47.341678619384766
germ_cluster,7,AT1G03600,8,3.5428168773651123,0.0,46.89121627807617
germ_cluster,7,AT3G27830,9,3.3239481449127197,0.0,46.46504211425781
germ_cluster,7,AT1G78630,10,3.2103726863861084,0.0,46.42505645751953
germ_cluster,7,AT4G16410,11,3.7283096313476562,0.0,46.3364372253418
germ_cluster,7,AT3G27850,12,3.2787227630615234,0.0,46.027793884277344
germ_cluster,7,AT4G18100,13,2.009265422821045,0.0,45.97267532348633
germ_cluster,7,AT5G24490,14,3.439784049987793,0.0,45.88861083984375
germ_cluster,7,AT2G32180,15,3.4351704120635986,0.0,45.82649612426758
germ_cluster,7,AT5G40950,16,3.1195755004882812,0.0,45.754608154296875
germ_cluster,7,AT2G43030,17,3.252307653427124,0.0,45.59595489501953
germ_cluster,7,AT1G20340,18,3.6432597637176514,0.0,45.58921432495117
germ_cluster,7,AT1G67090,19,3.731527328491211,0.0,45.531707763671875
germ_cluster,7,AT3G21055,20,3.4736883640289307,0.0,45.440284729003906
germ_cluster,7,AT4G24770,21,3.051924467086792,0.0,45.39200210571289
germ_cluster,7,AT3G08740,22,3.2494232654571533,0.0,45.13675308227539
germ_cluster,7,AT1G26770,23,3.981300115585327,0.0,45.007408142089844
germ_cluster,7,AT5G20720,24,2.80306077003479,0.0,44.83823776245117
germ_cluster,7,AT1G68590,25,3.3699779510498047,0.0,44.78242492675781
germ_cluster,7,AT5G15200,26,1.6834423542022705,0.0,44.73150634765625
germ_cluster,7,AT5G57170,27,3.32786226272583,0.0,44.673980712890625
germ_cluster,7,AT5G24314,28,3.2233097553253174,0.0,44.65232467651367
germ_cluster,7,AT2G19730,29,1.9475308656692505,0.0,44.54364013671875
germ_cluster,7,AT1G50900,30,3.376051902770996,0.0,44.495933532714844
germ_cluster,7,AT3G49010,31,1.9896526336669922,0.0,44.326683044433594
germ_cluster,7,AT1G64720,32,3.066174268722534,0.0,44.26369094848633
germ_cluster,7,AT3G25920,33,3.1416375637054443,0.0,44.136329650878906
germ_cluster,7,AT2G26500,34,3.205528497695923,0.0,44.072635650634766
germ_cluster,7,AT5G54600,35,3.131420135498047,0.0,43.99162292480469
germ_cluster,7,AT1G10522,36,3.183586835861206,0.0,43.94239807128906
germ_cluster,7,AT5G17870,37,2.916364908218384,0.0,43.93793869018555
germ_cluster,7,AT4G17390,38,1.884183406829834,0.0,43.766048431396484
germ_cluster,7,AT5G28750,39,3.0841667652130127,0.0,43.751365661621094
germ_cluster,7,AT1G73885,40,3.1788289546966553,0.0,43.66474151611328
germ_cluster,7,AT1G02280,41,2.996634006500244,0.0,43.55305099487305
germ_cluster,7,AT3G02790,42,2.9847068786621094,0.0,43.55246353149414
germ_cluster,7,AT2G24090,43,3.1042699813842773,0.0,43.53841781616211
germ_cluster,7,AT5G65220,44,2.982158899307251,0.0,43.51974868774414
germ_cluster,7,AT3G56340,45,1.819653868675232,0.0,43.368934631347656
germ_cluster,7,AT1G32990,46,3.2019660472869873,0.0,43.35491943359375
germ_cluster,7,AT1G33810,47,2.983707904815674,0.0,43.33591842651367
germ_cluster,7,AT1G29070,48,3.0829787254333496,0.0,43.31280517578125
germ_cluster,7,AT3G56910,49,3.087489604949951,0.0,43.09947204589844
germ_cluster,7,AT5G01530,50,3.4419853687286377,0.0,43.064659118652344
germ_cluster,8,AT1G75830,1,7.5961785316467285,0.0,49.29945755004883
germ_cluster,8,AT5G66400,2,6.825329303741455,0.0,47.7268180847168
germ_cluster,8,AT4G25140,3,6.374351501464844,0.0,46.58087921142578
germ_cluster,8,AT3G46230,4,5.61586332321167,0.0,45.932838439941406
germ_cluster,8,AT5G54740,5,7.538036823272705,0.0,44.98344421386719
germ_cluster,8,AT2G41280,6,6.414122104644775,0.0,43.304805755615234
germ_cluster,8,AT2G21820,7,5.708882808685303,0.0,42.30911636352539
germ_cluster,8,AT1G54870,8,6.5043253898620605,0.0,41.015499114990234
germ_cluster,8,AT1G04560,9,4.82253885269165,0.0,40.526878356933594
germ_cluster,8,AT5G35660,10,7.4915242195129395,0.0,40.4980583190918
germ_cluster,8,AT3G09390,11,3.394301414489746,0.0,40.338287353515625
germ_cluster,8,AT3G01570,12,4.189189434051514,0.0,40.10224914550781
germ_cluster,8,AT3G27660,13,7.4420905113220215,0.0,39.97239685058594
germ_cluster,8,AT3G22640,14,6.9028143882751465,0.0,39.945987701416016
germ_cluster,8,AT2G42000,15,7.552454948425293,0.0,37.77600860595703
germ_cluster,8,AT2G05580,16,6.646446228027344,6.72067866383368e-288,36.412113189697266
germ_cluster,8,AT2G23240,17,7.061009407043457,8.711815951687283e-288,36.40449905395508
germ_cluster,8,AT3G50980,18,4.107054710388184,6.127718655437126e-272,35.383705139160156
germ_cluster,8,ATMG01390,19,3.500080108642578,1.0174936887775021e-269,35.238624572753906
germ_cluster,8,AT4G27160,20,5.532460689544678,2.5595769187205834e-265,34.94889450073242
germ_cluster,8,ATMG00020,21,3.4941351413726807,1.6039787152551123e-253,34.1614875793457
germ_cluster,8,AT5G40420,22,4.3506011962890625,1.2844615844498187e-249,33.89607238769531
germ_cluster,8,AT3G56350,23,6.118902683258057,5.885961754644145e-232,32.67359161376953
germ_cluster,8,AT2G02120,24,5.732786178588867,7.24898293727986e-230,32.52571487426758
germ_cluster,8,AT4G27170,25,5.954650402069092,6.482802115323847e-226,32.24432373046875
germ_cluster,8,AT2G21490,26,4.470863342285156,7.704704302470136e-224,32.09559631347656
germ_cluster,8,AT3G22500,27,6.617326736450195,7.866015433703e-219,31.733863830566406
germ_cluster,8,AT4G11310,28,6.553757667541504,1.785631259934672e-210,31.12055778503418
germ_cluster,8,AT3G10020,29,2.96248197555542,2.1045175285104137e-205,30.743101119995117
germ_cluster,8,AT2G35300,30,2.2997238636016846,4.554853033572788e-199,30.263416290283203
germ_cluster,8,AT1G05510,31,6.717417240142822,4.4322405561528774e-185,29.17903709411621
germ_cluster,8,AT4G06746,32,3.9894216060638428,9.215688405431887e-179,28.675491333007812
germ_cluster,8,AT5G45690,33,5.825515270233154,6.404075100017136e-175,28.365386962890625
germ_cluster,8,AT1G54860,34,6.060823440551758,1.0289591918107366e-174,28.348377227783203
germ_cluster,8,AT3G15670,35,2.4317994117736816,1.1460760811146785e-173,28.262718200683594
germ_cluster,8,AT3G41979,36,1.4908580780029297,1.782966287030136e-169,27.918344497680664
germ_cluster,8,AT5G44120,37,4.031363487243652,7.466143120507419e-168,27.783254623413086
germ_cluster,8,AT3G05260,38,6.092504978179932,2.257530905551581e-165,27.576889038085938
germ_cluster,8,AT1G17810,39,6.475738525390625,6.875411519030453e-160,27.114341735839844
germ_cluster,8,AT4G28520,40,4.593682765960693,2.660033085491195e-159,27.064184188842773
germ_cluster,8,AT5G01300,41,4.6725850105285645,1.8063890993200532e-158,26.99312973022461
germ_cluster,8,AT5G55240,42,5.205547332763672,3.1664762398273354e-158,26.97208023071289
germ_cluster,8,AT1G48130,43,4.007842063903809,9.08894119954377e-156,26.760082244873047
germ_cluster,8,AT2G23110,44,2.679304599761963,2.12074959837649e-150,26.293729782104492
germ_cluster,8,AT5G57550,45,5.322920799255371,2.4651762140803722e-145,25.845945358276367
germ_cluster,8,AT3G08690,46,2.6879289150238037,1.4428706327854342e-134,24.864892959594727
germ_cluster,8,AT3G54940,47,2.5882465839385986,8.059356468728284e-133,24.702598571777344
germ_cluster,8,AT3G12490,48,2.2081503868103027,1.7877049225554275e-129,24.38851547241211
germ_cluster,8,AT2G41260,49,4.974445819854736,3.932969564523107e-127,24.165769577026367
germ_cluster,8,AT3G58450,50,5.227692604064941,2.7813984495190116e-126,24.08388900756836
germ_cluster,9,AT3G05880,1,6.597236156463623,4.6505216158277555e-107,22.40593910217285
germ_cluster,9,AT3G56240,2,8.887548446655273,5.090799852758565e-103,21.956287384033203
germ_cluster,9,AT1G14890,3,7.988901615142822,9.600642248882334e-97,21.27042579650879
germ_cluster,9,AT5G15490,4,6.826745986938477,2.541371350388819e-94,20.993440628051758
germ_cluster,9,AT5G12140,5,4.449356555938721,1.2978624333883254e-86,20.121265411376953
germ_cluster,9,AT5G03170,6,9.03786849975586,6.114064435422522e-86,20.035205841064453
germ_cluster,9,AT1G55210,7,6.074513912200928,1.746789173711116e-84,19.8598575592041
germ_cluster,9,AT4G23690,8,8.833353996276855,1.1391475419129875e-80,19.406883239746094
germ_cluster,9,AT1G20850,9,11.692569732666016,5.618395991670116e-77,18.958663940429688
germ_cluster,9,AT4G35350,10,10.906968116760254,5.761352250588993e-75,18.707916259765625
germ_cluster,9,AT5G40420,11,4.831073760986328,1.3872234333317902e-74,18.655927658081055
germ_cluster,9,AT5G15230,12,5.349359512329102,8.242858176671667e-74,18.55575942993164
germ_cluster,9,AT1G68810,13,7.4571919441223145,8.977748817578458e-74,18.54686737060547
germ_cluster,9,AT5G67600,14,3.36966609954834,6.278697103480165e-73,18.437997817993164
germ_cluster,9,AT3G53620,15,5.6235198974609375,2.0232741357984785e-72,18.367984771728516
germ_cluster,9,AT1G70490,16,3.3929569721221924,2.0232741357984785e-72,18.36736488342285
germ_cluster,9,AT3G18280,17,6.3200201988220215,5.457387333778482e-71,18.184307098388672
germ_cluster,9,AT5G54940,18,3.0315215587615967,6.182915685144733e-69,17.91992950439453
germ_cluster,9,AT2G31980,19,4.9493088722229,1.843188057796261e-60,16.793338775634766
germ_cluster,9,AT1G10670,20,4.264586448669434,1.8745738473870477e-58,16.51386833190918
germ_cluster,9,AT1G04820,21,3.287473678588867,3.880900609778236e-58,16.464401245117188
germ_cluster,9,AT5G59290,22,5.273627281188965,4.8580780121880205e-57,16.305662155151367
germ_cluster,9,AT3G62290,23,2.4348089694976807,4.562139520175469e-56,16.163497924804688
germ_cluster,9,AT3G14595,24,3.7305309772491455,9.218012881853522e-56,16.117839813232422
germ_cluster,9,AT3G56800,25,2.6987671852111816,1.2260573707708043e-54,15.954909324645996
germ_cluster,9,AT1G62981,26,10.613292694091797,3.7202089283070985e-53,15.734190940856934
germ_cluster,9,AT5G16490,27,11.555364608764648,3.764842630081377e-53,15.731488227844238
germ_cluster,9,AT2G03680,28,2.7379119396209717,5.28713030889647e-52,15.557744979858398
germ_cluster,9,AT5G23860,29,5.517152309417725,5.3198581473250196e-52,15.555595397949219
germ_cluster,9,AT3G02480,30,2.5073294639587402,1.0839485491588738e-51,15.508248329162598
germ_cluster,9,AT1G23460,31,6.202559947967529,1.741810685938392e-51,15.476088523864746
germ_cluster,9,AT2G16700,32,4.9703898429870605,6.055716336954551e-51,15.394059181213379
germ_cluster,9,AT4G18780,33,12.23185920715332,6.590940505869621e-51,15.386981010437012
germ_cluster,9,AT4G18640,34,7.305099964141846,2.2407089662280504e-50,15.304484367370605
germ_cluster,9,AT2G04850,35,8.297906875610352,2.9742108018481047e-50,15.284549713134766
germ_cluster,9,AT1G05850,36,3.7843518257141113,3.2455744279349354e-50,15.277396202087402
germ_cluster,9,AT4G16380,37,3.737581253051758,8.517473623339828e-50,15.212942123413086
germ_cluster,9,AT3G06035,38,6.000848770141602,4.028439410918575e-49,15.108094215393066
germ_cluster,9,AT1G60810,39,5.7674336433410645,4.585992587750948e-49,15.098189353942871
germ_cluster,9,AT5G48500,40,5.455786228179932,9.550703155671187e-49,15.048396110534668
germ_cluster,9,AT4G15910,41,3.598017930984497,1.2272211950503966e-48,15.030487060546875
germ_cluster,9,AT1G24764,42,4.607111930847168,1.61634469485193e-48,15.010944366455078
germ_cluster,9,AT1G78040,43,1.9942878484725952,2.690879004639409e-48,14.974591255187988
germ_cluster,9,AT1G31935,44,7.262070178985596,3.0238240678480536e-48,14.96561336517334
germ_cluster,9,AT5G06370,45,3.484003782272339,1.7097846270386381e-47,14.848711013793945
germ_cluster,9,AT5G26667,46,3.1895158290863037,1.761426476872198e-46,14.686840057373047
germ_cluster,9,AT1G55330,47,3.9908065795898438,4.18495646207414e-45,14.467191696166992
germ_cluster,9,AT1G23040,48,5.190460681915283,5.03445670659876e-45,14.452320098876953
germ_cluster,9,AT3G51030,49,5.735994338989258,7.787185894074055e-45,14.420160293579102
germ_cluster,9,AT3G62020,50,10.18652629852295,6.696693184405351e-44,14.267830848693848
germ_state_time,12hsl,AT1G75830,1,5.224615097045898,0.0,54.11565399169922
germ_state_time,12hsl,AT3G41979,2,1.9293144941329956,0.0,53.19247055053711
germ_state_time,12hsl,ATMG01390,3,1.812931776046753,3.007019246937043e-128,24.275177001953125
germ_state_time,12hsl,AT4G27160,4,2.6472787857055664,2.918126888587657e-120,23.502243041992188
germ_state_time,12hsl,AT3G09390,5,1.3415477275848389,7.078395250988471e-111,22.561614990234375
germ_state_time,12hsl,AT5G66400,6,2.4205896854400635,4.2151034869789422e-109,22.378543853759766
germ_state_time,12hsl,AT2G21820,7,2.3754923343658447,2.5285114534158156e-96,21.01735496520996
germ_state_time,12hsl,AT5G35660,8,4.029599189758301,4.531936459840889e-92,20.543336868286133
germ_state_time,12hsl,AT5G54740,9,2.649038553237915,1.075694512104701e-90,20.38804054260254
germ_state_time,12hsl,AT2G41280,10,2.3872976303100586,3.227506360435292e-79,19.043025970458984
germ_state_time,12hsl,AT3G08520,11,0.539783775806427,4.621669007261659e-79,19.024045944213867
germ_state_time,12hsl,AT1G31970,12,1.5762805938720703,9.262282785299571e-77,18.74248504638672
germ_state_time,12hsl,AT4G25140,13,2.1970579624176025,3.060906620987176e-69,17.79009437561035
germ_state_time,12hsl,AT3G41768,14,1.3780291080474854,3.490174496722481e-69,17.782438278198242
germ_state_time,12hsl,AT2G05580,15,3.3791913986206055,4.186906697893117e-66,17.377927780151367
germ_state_time,12hsl,AT1G48920,16,0.7813520431518555,1.380898978472232e-58,16.350326538085938
germ_state_time,12hsl,AT1G54870,17,2.5886833667755127,2.960297195269118e-56,16.01748275756836
germ_state_time,12hsl,AT3G22640,18,2.729443311691284,4.106569971297748e-51,15.258523941040039
germ_state_time,12hsl,AT2G20490,19,0.47269633412361145,1.4523440257459981e-46,14.554010391235352
germ_state_time,12hsl,AT3G27660,20,2.755889892578125,1.2112513982154302e-44,14.245227813720703
germ_state_time,12hsl,AT2G42000,21,2.83889102935791,5.3673647133177394e-42,13.809228897094727
germ_state_time,12hsl,AT3G55560,22,1.8248515129089355,2.216043589985405e-41,13.705550193786621
germ_state_time,12hsl,AT2G23350,23,0.8429714441299438,1.503442206996094e-40,13.564865112304688
germ_state_time,12hsl,AT4G27170,24,2.096554756164551,1.1885131818274058e-35,12.702930450439453
germ_state_time,12hsl,AT4G06746,25,1.7960529327392578,5.467372241676211e-35,12.581873893737793
germ_state_time,12hsl,AT3G46230,26,1.4267715215682983,6.692101550735298e-35,12.565417289733887
germ_state_time,12hsl,AT2G02120,27,2.4296045303344727,9.875146101642164e-35,12.534247398376465
germ_state_time,12hsl,AT4G28520,28,2.171313762664795,6.130018202208875e-34,12.386865615844727
germ_state_time,12hsl,AT1G72060,29,2.5702855587005615,2.8985091801723198e-33,12.2604341506958
germ_state_time,12hsl,AT2G23240,30,2.4918415546417236,1.5477687873550765e-27,11.127070426940918
germ_state_time,12hsl,AT1G27300,31,1.2656203508377075,3.874340186059847e-26,10.831790924072266
germ_state_time,12hsl,AT3G56350,32,2.3379364013671875,3.357462622999877e-24,10.407862663269043
germ_state_time,12hsl,AT4G11310,33,2.6629273891448975,3.19380952006276e-23,10.18813419342041
germ_state_time,12hsl,AT3G22500,34,2.532589912414551,6.43650456807294e-23,10.118536949157715
germ_state_time,12hsl,AT1G04560,35,1.2382066249847412,9.20327225176127e-23,10.083270072937012
germ_state_time,12hsl,AT4G09030,36,0.14303837716579437,2.6853455435944213e-22,9.975700378417969
germ_state_time,12hsl,AT5G20160,37,0.47211143374443054,3.519980004817234e-21,9.71259880065918
germ_state_time,12hsl,AT2G21490,38,1.6058814525604248,1.522423305766258e-19,9.314949989318848
germ_state_time,12hsl,AT3G59710,39,2.3955867290496826,1.1177150005054952e-18,9.096197128295898
germ_state_time,12hsl,AT2G41260,40,2.176830530166626,2.8544457232822614e-18,8.992313385009766
germ_state_time,12hsl,AT5G06165,41,3.181553840637207,1.370870712548538e-16,8.547852516174316
germ_state_time,12hsl,AT3G24080,42,1.1054482460021973,2.6327347381168133e-16,8.470501899719238
germ_state_time,12hsl,AT3G08760,43,1.4557043313980103,9.871805398432976e-16,8.311537742614746
germ_state_time,12hsl,AT5G27120,44,0.8108260631561279,1.6605013566280346e-15,8.24796199798584
germ_state_time,12hsl,AT2G40205,45,-0.24103479087352753,2.451404443224316e-15,8.199901580810547
germ_state_time,12hsl,AT3G05260,46,2.2739474773406982,2.928498877210253e-15,8.177735328674316
germ_state_time,12hsl,AT1G54860,47,2.231203317642212,4.270652813019543e-15,8.131449699401855
germ_state_time,12hsl,AT5G44120,48,1.4417814016342163,5.387402053568343e-15,8.102435111999512
germ_state_time,12hsl,AT5G57550,49,1.9271987676620483,2.311344890919295e-14,7.919583320617676
germ_state_time,12hsl,AT4G29780,50,0.604447603225708,6.65852431952979e-14,7.7837114334106445
germ_state_time,24hsl,AT1G69530,1,3.6893770694732666,0.0,51.651546478271484
germ_state_time,24hsl,AT2G37640,2,3.0576260089874268,0.0,46.94981384277344
germ_state_time,24hsl,AT1G26770,3,3.675677537918091,0.0,46.76121139526367
germ_state_time,24hsl,ATMG01390,4,2.2675669193267822,0.0,43.643863677978516
germ_state_time,24hsl,AT3G41979,5,1.5601803064346313,0.0,42.645347595214844
germ_state_time,24hsl,AT1G75830,6,2.717625379562378,0.0,42.400386810302734
germ_state_time,24hsl,AT5G56100,7,3.215243339538574,0.0,42.36514663696289
germ_state_time,24hsl,AT1G01170,8,2.259481430053711,0.0,42.271156311035156
germ_state_time,24hsl,AT3G50980,9,2.5749146938323975,0.0,42.10529708862305
germ_state_time,24hsl,AT4G27450,10,2.7292652130126953,0.0,42.050167083740234
germ_state_time,24hsl,AT1G52690,11,2.340378522872925,0.0,41.63385772705078
germ_state_time,24hsl,AT3G02790,12,2.1735846996307373,0.0,41.27155303955078
germ_state_time,24hsl,AT1G64720,13,2.2651278972625732,0.0,41.15435791015625
germ_state_time,24hsl,AT5G14450,14,2.372445583343506,0.0,41.00911331176758
germ_state_time,24hsl,AT4G25050,15,2.2726664543151855,0.0,40.9947624206543
germ_state_time,24hsl,AT1G43780,16,3.8800363540649414,0.0,40.96430969238281
germ_state_time,24hsl,AT1G07985,17,2.2194371223449707,0.0,40.86355972290039
germ_state_time,24hsl,AT2G23110,18,2.328202486038208,0.0,40.51730728149414
germ_state_time,24hsl,AT4G24770,19,2.0178282260894775,0.0,40.001609802246094
germ_state_time,24hsl,AT1G32560,20,2.205854654312134,0.0,39.92655944824219
germ_state_time,24hsl,AT3G53460,21,2.0774970054626465,0.0,39.7218017578125
germ_state_time,24hsl,AT4G16160,22,2.1367738246917725,0.0,39.337181091308594
germ_state_time,24hsl,AT2G32650,23,2.3644890785217285,0.0,39.22282409667969
germ_state_time,24hsl,AT1G27461,24,2.887234926223755,0.0,38.79123306274414
germ_state_time,24hsl,AT4G34620,25,1.7810662984848022,0.0,38.69203567504883
germ_state_time,24hsl,AT1G56200,26,1.9392778873443604,0.0,38.47330856323242
germ_state_time,24hsl,AT5G66780,27,2.0682425498962402,0.0,38.41813659667969
germ_state_time,24hsl,AT1G43670,28,2.046872615814209,0.0,38.3205451965332
germ_state_time,24hsl,AT5G24490,29,2.6122703552246094,0.0,38.164249420166016
germ_state_time,24hsl,AT4G27160,30,2.2919468879699707,0.0,38.14936065673828
germ_state_time,24hsl,AT2G47400,31,2.0368053913116455,0.0,38.047462463378906
germ_state_time,24hsl,AT1G03600,32,2.465909481048584,2.406663702856229e-305,37.51276779174805
germ_state_time,24hsl,AT2G38230,33,1.9841185808181763,2.605628962290158e-304,37.44843673706055
germ_state_time,24hsl,AT3G21720,34,1.8164700269699097,4.146386282046183e-301,37.25039291381836
germ_state_time,24hsl,AT2G14880,35,1.8480157852172852,1.3656907835426964e-298,37.09376907348633
germ_state_time,24hsl,AT3G03920,36,1.638157606124878,4.158394847222943e-295,36.87628936767578
germ_state_time,24hsl,AT1G15930,37,1.0330458879470825,2.546314434260664e-294,36.82640838623047
germ_state_time,24hsl,AT2G28420,38,2.397367477416992,5.900955448780547e-293,36.740299224853516
germ_state_time,24hsl,AT3G56910,39,1.946380376815796,1.2208008779035234e-292,36.71981430053711
germ_state_time,24hsl,AT1G67090,40,2.249697208404541,5.618347217557096e-281,35.98089599609375
germ_state_time,24hsl,AT3G27850,41,1.908193588256836,1.1599746117628468e-278,35.831878662109375
germ_state_time,24hsl,AT2G04030,42,1.8160914182662964,3.827104729054745e-277,35.73357391357422
germ_state_time,24hsl,AT1G68560,43,2.0120623111724854,6.8854433862641125e-273,35.45723342895508
germ_state_time,24hsl,AT5G25460,44,2.078054189682007,4.83321395533127e-268,35.140098571777344
germ_state_time,24hsl,AT5G54740,45,2.1778600215911865,6.168248159528565e-268,35.13254928588867
germ_state_time,24hsl,AT2G32180,46,2.3027632236480713,6.836984547386701e-266,34.9977912902832
germ_state_time,24hsl,AT1G78630,47,1.8162543773651123,5.779706374154469e-264,34.869712829589844
germ_state_time,24hsl,AT3G21055,48,2.248976469039917,1.9852225315205964e-261,34.701419830322266
germ_state_time,24hsl,AT1G79040,49,2.011176109313965,5.92090896342334e-259,34.536407470703125
germ_state_time,24hsl,AT2G37220,50,1.7564467191696167,4.6460415862983756e-257,34.40940475463867
germ_state_time,48hsl,AT5G02380,1,3.3840975761413574,0.0,54.89731979370117
germ_state_time,48hsl,AT3G02480,2,2.4841678142547607,0.0,53.526390075683594
germ_state_time,48hsl,AT3G52930,3,2.124539852142334,0.0,51.83037185668945
germ_state_time,48hsl,AT2G41430,4,2.0201311111450195,0.0,51.51593780517578
germ_state_time,48hsl,AT5G20010,5,2.21303391456604,0.0,50.04954147338867
germ_state_time,48hsl,AT3G08580,6,1.5600117444992065,0.0,49.218868255615234
germ_state_time,48hsl,AT5G42980,7,1.672503113746643,0.0,49.21693420410156
germ_state_time,48hsl,AT5G15230,8,5.1651482582092285,0.0,48.84097671508789
germ_state_time,48hsl,AT3G04120,9,1.8738075494766235,0.0,48.239139556884766
germ_state_time,48hsl,AT2G03680,10,2.576704263687134,0.0,47.144927978515625
germ_state_time,48hsl,AT5G17920,11,1.9653379917144775,0.0,46.480323791503906
germ_state_time,48hsl,AT5G15650,12,3.1197285652160645,0.0,45.60771179199219
germ_state_time,48hsl,AT1G04820,13,3.033135414123535,0.0,45.56549835205078
germ_state_time,48hsl,AT1G19180,14,2.721954584121704,0.0,44.999359130859375
germ_state_time,48hsl,AT1G70490,15,2.5223512649536133,0.0,44.84464645385742
germ_state_time,48hsl,AT2G26150,16,2.9900217056274414,0.0,44.72248458862305
germ_state_time,48hsl,AT3G02230,17,3.479322671890259,0.0,43.240447998046875
germ_state_time,48hsl,AT1G23490,18,1.7490969896316528,0.0,42.521018981933594
germ_state_time,48hsl,AT1G07400,19,2.7233188152313232,0.0,41.7479248046875
germ_state_time,48hsl,AT4G11010,20,1.780121922492981,0.0,41.54473114013672
germ_state_time,48hsl,AT2G14890,21,2.1118524074554443,0.0,38.887367248535156
germ_state_time,48hsl,AT1G78040,22,1.4856481552124023,0.0,38.78427505493164
germ_state_time,48hsl,AT3G17390,23,1.7478547096252441,0.0,38.47750473022461
germ_state_time,48hsl,AT1G70410,24,3.0934031009674072,0.0,37.77162551879883
germ_state_time,48hsl,AT4G13930,25,2.3226540088653564,0.0,37.72751235961914
germ_state_time,48hsl,AT1G54410,26,3.523597240447998,6.275928837045905e-308,37.66434097290039
germ_state_time,48hsl,AT5G15970,27,3.3683841228485107,5.692110294990451e-307,37.60515213012695
germ_state_time,48hsl,AT5G54940,28,1.6328576803207397,5.1665050575460515e-306,37.545867919921875
germ_state_time,48hsl,AT3G61640,29,1.8687351942062378,5.224233276434786e-303,37.35946273803711
germ_state_time,48hsl,AT5G39570,30,2.79195237159729,4.100799623083203e-300,37.18016815185547
germ_state_time,48hsl,AT5G12140,31,2.559072732925415,1.3882284415026117e-294,36.83580780029297
germ_state_time,48hsl,AT1G54580,32,2.359283924102783,6.736935190561067e-294,36.7923698425293
germ_state_time,48hsl,AT1G02500,33,3.7127695083618164,1.4425409641786628e-293,36.77113723754883
germ_state_time,48hsl,AT3G09820,34,2.0758180618286133,9.554174961581984e-293,36.71918487548828
germ_state_time,48hsl,AT3G62290,35,1.5080946683883667,1.3154720956015432e-292,36.70995330810547
germ_state_time,48hsl,AT3G43810,36,1.9299932718276978,1.738232614810208e-281,36.00513458251953
germ_state_time,48hsl,AT4G16500,37,2.0854907035827637,1.933720584759798e-280,35.93770217895508
germ_state_time,48hsl,AT3G15353,38,5.945988655090332,1.1782807398185444e-273,35.49917221069336
germ_state_time,48hsl,AT4G19200,39,2.6523079872131348,3.642189024448034e-269,35.2050666809082
germ_state_time,48hsl,AT4G34870,40,1.2995994091033936,2.8984207845655116e-268,35.145694732666016
germ_state_time,48hsl,AT1G09200,41,3.878260374069214,5.29407522188067e-268,35.128116607666016
germ_state_time,48hsl,AT1G66410,42,1.5981264114379883,9.04042633874967e-266,34.98115539550781
germ_state_time,48hsl,AT5G44340,43,1.9406147003173828,2.151374372393438e-265,34.95594787597656
germ_state_time,48hsl,AT2G02130,44,2.4892590045928955,2.3334651222203407e-263,34.82087707519531
germ_state_time,48hsl,AT4G24920,45,1.6594513654708862,2.1289187860389328e-255,34.290061950683594
germ_state_time,48hsl,AT3G09440,46,1.5758103132247925,4.977091970394308e-254,34.19768524169922
germ_state_time,48hsl,AT1G10630,47,2.844132423400879,3.3415832858410387e-249,33.87044143676758
germ_state_time,48hsl,AT2G41110,48,1.693916916847229,3.3415832858410387e-249,33.87017822265625
germ_state_time,48hsl,AT5G37770,49,1.6818867921829224,2.420255825012312e-246,33.6745719909668
germ_state_time,48hsl,AT3G22840,50,3.226635694503784,4.643769995427697e-244,33.517852783203125
